customer_id,first_name,last_name,email,phone,city,registration_date,customer_type
1,Jennifer,Vaughn,casewhitney@example.org,240.792.3202,East Pattyfurt,2024-09-25,VIP
2,Donald,Barnes,rodriguezjoshua@example.net,(907)293-7529,Cochranton,2024-09-06,Premium
3,Tiffany,Thomas,deborahsmith@example.com,001-367-532-4288x1138,Bradstad,2025-06-25,Premium
4,Tyrone,Scott,samuel24@example.net,001-625-873-3485x86750,New Christopherport,2024-06-20,VIP
5,Douglas,Harris,labbott@example.net,001-562-351-9073x5594,Lake Kelsey,2025-03-25,Premium
6,Joseph,Garrett,martinrenee@example.org,001-914-766-6565,New Charles,2025-02-01,Regular
7,Molly,Bryan,sarahortega@example.com,+1-319-814-2412x69031,Lake Jordanport,2025-01-22,Regular
8,Martin,Hawkins,carolynbeltran@example.org,+1-687-328-1940x696,Lake Katie,2025-06-04,Premium
9,Jessica,Stout,marysmith@example.org,001-867-940-6475x891,East Charleschester,2025-06-11,VIP
10,Toni,Blake,ydurham@example.org,289-655-5311,Christianton,2023-11-04,VIP
11,Hailey,Ortiz,sierramorris@example.org,276.526.5618x83027,New Howard,2023-10-06,Premium
12,Marissa,Smith,pearsonjonathan@example.com,(627)403-3897x1190,Monicabury,2023-10-09,VIP
13,Douglas,Walls,jamesknight@example.net,001-593-346-3984x263,Johnhaven,2025-04-02,Premium
14,Bradley,Romero,renee10@example.org,546-730-8994x7149,Jonesfort,2024-05-15,Regular
15,Christopher,Mills,livingstonphillip@example.net,(634)945-4140x2160,Houstonshire,2024-04-15,VIP
16,Hannah,Townsend,zsaunders@example.com,3559711690,Phillipsshire,2024-06-01,VIP
17,Taylor,Adams,nmcdonald@example.com,+1-636-349-7034x62381,Thomasfurt,2023-10-25,VIP
18,Jeremy,Oliver,mwilliams@example.net,769-482-4235,Adkinsside,2024-06-23,VIP
19,Jennifer,Cole,david72@example.net,(992)323-9338,South Danielfort,2024-09-16,Premium
20,Erin,Jackson,carrollwalter@example.com,876.873.9763x5671,West Timothystad,2024-03-11,VIP
21,Shawn,Hunter,mooreantonio@example.org,001-836-529-9625x32559,Stevemouth,2025-02-06,Premium
22,Mikayla,Aguilar,ywong@example.net,(398)332-2990x03521,Lake Alexandraland,2024-01-19,Premium
23,Becky,Howard,jeffreycarter@example.org,7617155917,New Brian,2023-11-12,Premium
24,Kristen,Castro,shelby77@example.org,911.503.3374x7272,Tatebury,2024-09-17,Regular
25,Michael,Wade,meredith30@example.org,848-744-2529x5292,Hartton,2025-03-17,Premium
26,Jason,Roberts,sle@example.com,8904949809,Port John,2025-06-09,VIP
27,Shannon,Hull,emilyhughes@example.com,2632310400,Tylerview,2023-12-27,Premium
28,Brittany,Murphy,braygail@example.com,+1-437-510-9781,East Alexis,2024-05-15,Regular
29,Sharon,Wright,martinezsandra@example.org,+1-377-454-9680x3287,Evansberg,2024-04-18,Regular
30,Carla,Wells,hollowayshane@example.net,552-393-9261,Hollyview,2024-05-28,Premium
31,Brianna,Parker,vargasmiranda@example.org,+1-388-620-6547x39511,Kempstad,2024-03-09,Premium
32,Crystal,Wang,kathryn92@example.net,+1-698-628-2046x4915,North Joseph,2025-02-14,VIP
33,Monica,Byrd,greentony@example.net,5099552998,Loganton,2025-08-26,Premium
34,Richard,Jones,briggsheather@example.org,607.721.4946,North Dylan,2024-09-07,Premium
35,Maria,Nelson,cklein@example.net,001-371-856-6798,Careyshire,2024-03-01,VIP
36,Heidi,Baldwin,smithruth@example.org,+1-254-656-0328,Lake Christinetown,2025-08-01,Regular
37,Kayla,Torres,cynthiatran@example.net,+1-811-845-5005x1714,West Alexandra,2025-09-17,Premium
38,James,Ramirez,cindyburch@example.org,+1-414-395-4559x16268,Shelleyfort,2024-09-28,VIP
39,Sarah,Murphy,ericacontreras@example.com,5128609784,Washingtontown,2024-09-04,Regular
40,Jeremy,Walker,smay@example.org,509.651.5766x20471,Parkerhaven,2024-10-08,Premium
41,Elizabeth,Barton,ambermendoza@example.net,703-229-7437,New Caleb,2024-10-03,Regular
42,Seth,King,gomezjason@example.org,699.769.2789,Hendrixland,2024-06-26,Premium
43,Elizabeth,Chen,usims@example.net,557-902-0918,Hunterfurt,2025-07-31,Premium
44,Gregory,Zimmerman,johnhernandez@example.com,(519)611-5263x8117,Baileyburgh,2024-03-18,VIP
45,Tonya,Morales,dianeguerrero@example.net,(447)771-1642x7042,Perrybury,2024-12-08,VIP
46,Diane,Jimenez,jacob62@example.com,001-612-782-5398x573,New Jonathanbury,2024-07-22,VIP
47,Sonya,Bowman,andrew91@example.com,(672)371-2237,Pageview,2024-06-01,VIP
48,Anthony,Jimenez,lsmith@example.com,9947402727,Lake Cherylstad,2025-06-25,Premium
49,William,Schwartz,fbean@example.com,443-721-5431x84529,Khanborough,2025-04-01,Regular
50,William,Reyes,nneal@example.net,526-356-9451x488,East Kenneth,2024-04-20,Premium
51,Andrew,Bowman,david10@example.org,001-656-383-0317x556,Danielville,2024-09-18,Premium
52,Steven,Smith,erikagarcia@example.org,(423)529-0973x07169,Villarrealshire,2024-06-08,Premium
53,Jeremiah,Mendoza,johnsondanielle@example.com,209-312-8362x425,Port Oliviatown,2025-06-21,Premium
54,Kevin,Lynch,allenchristine@example.com,959.515.0621,Oscarland,2023-11-02,VIP
55,Jason,Edwards,sarahwilson@example.org,862.472.4516,Toddville,2024-08-10,Premium
56,Samuel,Bush,sross@example.com,001-706-642-1202,Lake Diane,2024-09-08,VIP
57,Joseph,Lynch,rhonda61@example.com,608.546.8534,Rodriguezstad,2025-08-30,VIP
58,Karen,Guzman,jamesmiller@example.net,3369676863,Brittanyland,2025-09-02,Premium
59,David,Marquez,smithgina@example.net,(738)588-0716x95621,Travisview,2025-02-18,VIP
60,John,White,davidjones@example.com,924.419.4730x81360,South Michaelshire,2024-08-16,Premium
61,Jeffrey,Skinner,adam30@example.com,(342)679-6760x9780,Port Garrett,2025-02-24,Premium
62,Dale,Snyder,xpham@example.org,001-884-455-3344x548,Goodmanview,2024-10-13,Premium
63,Terrence,Jacobson,gloriaschaefer@example.com,726-997-8690x885,Daviston,2025-06-25,Premium
64,Nathaniel,Tucker,baldwinamy@example.org,(724)848-6137x16752,Lake Steve,2025-05-25,VIP
65,Tiffany,Mcgee,michael24@example.net,+1-606-503-9264x8314,Greenview,2023-10-28,Premium
66,Thomas,Patterson,brenda08@example.com,517.424.4059x3176,Johnsonshire,2024-03-18,VIP
67,Rebecca,Golden,gwatkins@example.net,001-481-500-6989x863,Matachester,2023-10-08,VIP
68,Tracey,Riley,nealmelinda@example.org,001-742-304-5598x959,Jennaview,2025-01-06,Regular
69,Brandy,Johnson,villanuevajenna@example.org,+1-920-922-8726,Anthonystad,2024-08-27,VIP
70,Tiffany,Horton,laurensmith@example.com,618-790-8818,Williamsport,2024-03-11,Regular
71,Alexander,Williams,ryanbuck@example.com,6619221989,Port Brianshire,2025-04-28,Regular
72,Andrew,Clark,dunnpriscilla@example.com,001-686-986-4672x0191,Kingview,2024-06-30,Premium
73,John,Lara,scottgreene@example.net,7617128767,Jeffreyport,2024-03-13,Premium
74,Cathy,Rogers,kyle36@example.com,001-913-553-4541x75467,West Lisabury,2024-11-04,Premium
75,Whitney,Thompson,davisraymond@example.org,001-438-739-0041x5459,New Anthonyfurt,2025-04-04,Premium
76,Jerry,Mann,maryfreeman@example.com,001-476-390-6828,Taylorview,2023-11-27,Premium
77,Melissa,Edwards,donna18@example.org,373.479.2825x439,South Sherrytown,2024-02-21,Premium
78,Catherine,Vega,velezchristina@example.com,9337084948,Powellview,2023-10-02,Regular
79,Stanley,Johnson,victoria83@example.com,791.550.2969,Robertfurt,2023-12-08,Premium
80,Jennifer,Stewart,jacob62@example.org,(334)574-4815,Williamborough,2024-05-21,Regular
81,Olivia,Sanchez,vmarshall@example.net,5749875855,Jamestown,2023-12-10,Premium
82,Sheena,Brown,gblanchard@example.org,225-511-0495,Lake Dawnbury,2023-10-23,Premium
83,Chelsea,Beck,elizabeth45@example.com,+1-682-330-3914x5773,Kingside,2024-03-26,Regular
84,Mary,Hernandez,hallclayton@example.net,001-369-809-0415x93204,Thomasbury,2024-11-11,VIP
85,Stephanie,Munoz,theresawilliams@example.net,756.269.8086x68946,Heidibury,2024-01-28,Premium
86,Christopher,Church,gilesrobert@example.com,+1-690-628-0849,South Andrew,2024-01-10,Regular
87,Victoria,Stevenson,diana23@example.net,+1-912-444-4565,East Dannyland,2025-09-18,Regular
88,Rachel,Williams,johnfoley@example.org,378.275.8383,North Autumnburgh,2024-11-01,Premium
89,Travis,Parrish,richardzuniga@example.net,531.241.2155,West Richardborough,2023-09-30,Regular
90,David,Moore,shannonarnold@example.net,(719)962-2310x85964,Riveramouth,2024-11-12,Premium
91,Christopher,Little,pattypatrick@example.com,385.587.9462,Hendersonview,2025-09-15,Premium
92,Jennifer,Walker,kimberly32@example.org,427.893.6958x07132,Brettland,2024-08-23,Premium
93,Virginia,Hanson,tammy19@example.org,309-256-0104x429,Boydstad,2025-05-03,VIP
94,Sara,Bush,xgutierrez@example.org,+1-405-771-4840x424,New Michaelstad,2024-03-05,Premium
95,Dwayne,Brown,jessicafrey@example.org,001-291-268-9331x594,South Tinaborough,2025-05-28,VIP
96,Luke,Knight,whogan@example.org,6722472411,New Benjaminchester,2023-10-14,Regular
97,Connie,Benson,omar94@example.net,(927)844-7378x114,East Amandafort,2024-07-16,Premium
98,Monica,Smith,smithmelissa@example.org,001-734-666-4469x6081,Lake Paul,2024-02-14,Regular
99,Michael,Davis,paul93@example.net,824.953.8780,New Juliestad,2024-10-20,Premium
100,Jimmy,Lopez,munozsarah@example.com,(535)283-4041,North Brianborough,2024-03-22,Regular
101,Sara,Morris,codydavidson@example.net,(936)256-0097x24213,Patriciamouth,2024-11-14,VIP
102,Gwendolyn,Osborne,adkinsjohn@example.net,(845)543-1438x27134,Brownfurt,2025-03-25,Premium
103,Nicole,Cervantes,andersonvictoria@example.net,001-853-388-3720x630,Lake Bobbyton,2024-08-28,Regular
104,Dawn,Crawford,williamnguyen@example.net,637.812.7930x84401,Garciabury,2023-11-16,Regular
105,Mary,Castillo,zmathis@example.org,001-220-637-6152x6149,Cannonstad,2023-11-07,Premium
106,Kristen,Allen,anntodd@example.org,+1-343-949-5343x7743,West Brittany,2024-07-05,Regular
107,Cheryl,Camacho,katelyn92@example.org,895-565-3116x0033,Colleenport,2024-10-07,Regular
108,Jennifer,Goodman,jeffrey97@example.com,(362)652-3334x7637,Jameshaven,2024-09-12,Regular
109,Kenneth,Nichols,schneiderfernando@example.com,827-905-5820,South Davidfort,2024-02-19,Premium
110,Jonathan,Sutton,cherylrandolph@example.org,696-696-8771,Pamelafort,2023-11-19,Regular
111,Joshua,Mcpherson,greenchris@example.com,001-702-537-3914x30200,Christophertown,2025-06-20,Regular
112,Kara,Nelson,stanleyjeanne@example.net,001-749-553-3321,Smithside,2024-12-17,Regular
113,David,Warren,brianna24@example.com,4973396620,Brianview,2025-08-29,VIP
114,Diane,Novak,patrickball@example.org,712-845-2715x04556,Allisonfort,2025-07-31,VIP
115,Matthew,Garcia,frodriguez@example.com,+1-857-450-6794x51463,Torresville,2025-08-13,VIP
116,Michael,Ball,heather84@example.com,605.410.7858,North Allentown,2024-05-17,Regular
117,Samantha,Johnson,cabreradevin@example.org,221-462-1835x726,Hansenton,2024-02-10,VIP
118,Matthew,Bell,jerome86@example.net,+1-575-895-1362x14470,Lake Rhonda,2023-10-14,Premium
119,Melody,Hendricks,frankcarter@example.com,001-430-312-7920,Dawnport,2024-08-30,Premium
120,Barbara,Hebert,garychang@example.com,420.639.6988x227,Brendachester,2025-04-19,VIP
121,Tricia,Johnson,cynthiamiller@example.org,594.479.8200x599,South Donnaton,2025-05-17,Regular
122,Martin,Grant,traceytaylor@example.org,(338)630-7958x91241,East Thomasmouth,2025-09-07,Regular
123,Lindsey,Moreno,conniedaniels@example.org,(712)912-7755x625,Meganside,2025-09-12,VIP
124,Michael,Munoz,henry77@example.org,+1-606-623-5093x7290,Port Barrychester,2024-07-02,Premium
125,Robert,Bailey,tinariley@example.net,+1-486-649-6315x558,North Justinview,2024-07-14,VIP
126,Sheri,Li,martin42@example.net,+1-649-859-5318x2700,South Michaelport,2024-07-30,Premium
127,Adam,Davidson,ccole@example.com,001-634-700-0580x21701,Johnsontown,2025-08-16,Premium
128,Carlos,Hutchinson,lescobar@example.net,001-997-248-9038x5956,Port Haley,2024-09-04,Premium
129,Mark,Aguilar,henryjason@example.com,001-207-512-0624x6005,Devinburgh,2024-07-04,Premium
130,Joshua,Robles,monicashelton@example.net,001-424-771-9312x7405,Hayesshire,2024-02-15,Premium
131,Glen,Martin,justin62@example.com,+1-721-452-6568,Matthewburgh,2024-05-14,VIP
132,Barbara,Lin,riveramichael@example.org,(982)435-0895,South Richardbury,2024-05-14,Regular
133,Clinton,Collins,tonya45@example.net,9168133496,Port Angelahaven,2025-06-22,VIP
134,Megan,Patel,jennifergraham@example.org,980-274-8373,Rochaport,2024-10-14,Regular
135,Austin,Estrada,cunninghamheidi@example.net,432-541-3489,Williamsonbury,2023-10-25,VIP
136,John,Stanley,kevin10@example.com,+1-292-308-3260x243,New Matthew,2025-03-27,Premium
137,Sharon,Bright,tracy40@example.org,+1-548-521-7672x140,Lake Kristinabury,2024-01-05,Regular
138,David,Johnson,nicolediaz@example.net,217.806.2990x51333,Aprilside,2025-07-07,Regular
139,Douglas,Roberts,erica03@example.org,001-686-736-8976x340,Stephensbury,2025-03-18,Regular
140,Samantha,White,higginsamy@example.org,(604)534-1732,New Michaelside,2024-05-15,Premium
141,Curtis,Kane,brittany62@example.com,208.844.4290x52135,Gabrielton,2024-07-06,Regular
142,John,Mullins,melissa57@example.com,001-623-579-5298x836,Port Jacquelineton,2024-11-21,VIP
143,Adrian,Fisher,ballpeter@example.net,769-686-4865x3786,Williamland,2025-07-16,VIP
144,Michael,Jenkins,juliejones@example.org,001-343-518-9185x278,West Christopherport,2023-09-30,VIP
145,Linda,Andrade,richardsonamanda@example.com,001-428-889-0917x218,New Danielshire,2024-07-12,VIP
146,Donald,Jones,rgonzales@example.net,852.827.8386,Vincentchester,2025-09-19,Premium
147,Kimberly,Patton,meganholder@example.com,585.273.1272x60380,Lake Mark,2024-06-27,VIP
148,Nancy,Kemp,bryankeller@example.com,+1-571-272-3321x696,Justinborough,2025-06-10,Regular
149,Ashley,Lewis,douglascarla@example.org,001-758-427-4031x07181,North Keithmouth,2024-06-23,Premium
150,Carrie,Frost,hodgeskristin@example.com,(717)614-5866x2299,Turnermouth,2024-10-23,VIP
151,Chad,Stout,changrobert@example.com,001-960-603-8319x484,New Christinaburgh,2025-04-16,VIP
152,Hunter,Valentine,connor35@example.net,+1-280-885-1874x0540,Leonchester,2025-01-27,Regular
153,Stephanie,Mckee,ymullins@example.net,001-533-830-0387,South Steven,2025-06-10,Regular
154,Kristina,Jackson,masonlance@example.com,001-842-585-2241,East Karen,2025-09-02,VIP
155,Karen,Robinson,rachelwilliams@example.org,(577)637-5264,Corymouth,2024-10-26,Regular
156,Denise,Larson,gloveramanda@example.com,(551)326-7098,Nicolehaven,2024-07-02,Premium
157,David,Carter,rickyjames@example.org,(858)973-2921x7767,Wellsville,2025-07-14,Premium
158,Carol,Davis,lbenson@example.com,(734)641-7951,Anthonybury,2025-04-22,Premium
159,Megan,Huber,david99@example.com,(360)778-6240,Burgessshire,2024-09-22,Premium
160,Joseph,Wiley,desireethompson@example.com,857.738.2902,Nataliemouth,2023-12-08,Premium
161,Kaitlyn,Wagner,thomasautumn@example.org,4765634890,Dwayneville,2025-06-24,VIP
162,Mark,Saunders,jessicajones@example.org,(282)397-1456x8612,Thomasland,2023-10-30,Regular
163,Antonio,Boyd,jenniferrobinson@example.org,649-568-5235,Suzanneland,2024-12-19,VIP
164,Katherine,Martin,dtaylor@example.org,+1-386-812-9618x768,Floresmouth,2024-10-24,Regular
165,Benjamin,Freeman,malonejessica@example.org,+1-449-542-3398x110,Port Lawrenceberg,2024-05-08,Premium
166,Albert,Moore,stevenwest@example.com,350-981-5342x821,East Elijah,2025-01-25,Regular
167,Ronald,Trujillo,kevin81@example.com,2878607659,South Dylan,2025-09-22,Premium
168,Kevin,Davis,tmiller@example.net,514.378.6206x51739,Patriciaview,2024-04-23,Premium
169,Stephen,Copeland,whogan@example.net,492.608.9640x315,Lake Christopher,2025-08-30,VIP
170,Ryan,Cook,christianstephanie@example.com,+1-947-729-6670x280,Bowenside,2025-09-13,Premium
171,Audrey,Henry,chenderson@example.org,891-751-1642,Savageborough,2024-03-11,VIP
172,Jennifer,Martin,philipzuniga@example.org,(351)528-5653,Arnoldport,2023-12-06,VIP
173,Monica,Lee,fbest@example.net,(911)257-9121,Monicaton,2024-01-22,VIP
174,Thomas,Barajas,samuelcraig@example.org,581.677.6694x6877,South Jennifer,2024-10-01,Premium
175,Jasmine,Reynolds,camachoemily@example.com,(769)592-2404x95006,Youngchester,2024-03-11,Regular
176,Lisa,Long,hcampos@example.org,001-490-412-7958x62411,West Sonia,2024-07-23,Regular
177,Bobby,Fletcher,ronald80@example.org,001-828-699-3978x278,Serranomouth,2024-01-31,Regular
178,Stephanie,Woods,zandrade@example.com,290.975.7570,West Anne,2025-02-12,Regular
179,Lisa,Salazar,brian91@example.org,379-690-2411,Theresaside,2024-11-11,Premium
180,Tonya,Long,laurenellis@example.org,2604012948,West Carlostown,2024-09-20,VIP
181,Timothy,Palmer,timothybenton@example.net,(595)392-7355x4169,West Johnchester,2025-07-23,Regular
182,James,Palmer,jessica75@example.com,(591)300-2531x02096,East Randy,2024-12-16,Premium
183,Dana,Allen,amandacarroll@example.com,+1-435-917-9751,Acevedoside,2025-03-20,Premium
184,Joann,Wood,dsawyer@example.com,+1-879-398-2674x844,East Michaelton,2024-11-12,VIP
185,Jaime,Colon,jacobporter@example.net,485-754-5937,Lukeside,2023-10-09,Premium
186,Troy,Carter,marksummers@example.com,+1-248-220-2681x169,North Daniel,2023-11-29,VIP
187,Jennifer,Roy,michelle90@example.org,001-976-356-8867x1112,Aaronhaven,2025-01-11,VIP
188,Sherri,Reynolds,davidjames@example.net,504-808-5687x3308,Johnsonhaven,2024-11-13,Premium
189,Barbara,Butler,stevenkemp@example.com,+1-799-640-1911,North Brettmouth,2025-09-09,Regular
190,Jamie,Green,taylorjoel@example.net,001-486-342-9364x9494,North Rebecca,2024-09-17,Premium
191,Amber,Cooper,iwu@example.net,+1-438-671-7193,Port Robert,2024-05-06,Premium
192,Jeremy,Estes,jacobramirez@example.net,(231)515-3396x5835,South Ryanstad,2023-12-01,Regular
193,Justin,Duran,carterbobby@example.org,(250)598-8307x48219,South Brittanyport,2023-10-01,Regular
194,Justin,Middleton,lrobinson@example.net,7145042670,Odomport,2024-05-30,VIP
195,Philip,Randolph,sfrazier@example.org,935-746-6648,Tamaratown,2025-05-27,Premium
196,Kyle,Ballard,montgomeryseth@example.com,8433310844,Dawnborough,2024-03-31,Regular
197,James,Good,lanceromero@example.com,874-614-1521x6711,Rogersstad,2024-04-25,VIP
198,Connor,Wilson,csimon@example.org,(582)882-6341x8809,Wilsonhaven,2024-09-16,VIP
199,Sean,Hernandez,nathan50@example.com,001-447-782-5310x5902,South Christopherborough,2024-03-30,Premium
200,Lisa,Andrews,gwallace@example.org,310-960-3281,West Georgeville,2024-08-09,Regular
201,Mark,Taylor,joseph41@example.net,(326)239-2571x17567,Christophermouth,2025-07-20,Premium
202,Zachary,Robinson,bridget38@example.com,(284)251-7494,North Donaldport,2024-08-18,Premium
203,Craig,Willis,zachary05@example.net,+1-810-532-9652x51514,Port Jennyport,2025-06-07,VIP
204,Elizabeth,Graham,gloria39@example.com,234.447.6317x582,Port Russell,2025-01-19,Premium
205,Jade,Ellison,edwardsmonique@example.net,598-660-2946,South Brandi,2024-08-31,Regular
206,Marcus,Snyder,jonessierra@example.org,+1-487-967-2755,Port Joshuaport,2025-07-25,Premium
207,Christine,Mcfarland,nalvarez@example.org,690.368.3605x813,Saraville,2025-05-21,Regular
208,Candace,Henderson,smithseth@example.org,(836)902-8247x243,East Austin,2025-02-11,Premium
209,Ryan,Holland,mary29@example.com,(696)966-9883x93834,Anitafurt,2024-11-07,Regular
210,Heidi,Peterson,robertfranklin@example.net,534-855-7692x8339,Evansside,2024-05-06,Premium
211,Brent,Holland,mccannsean@example.com,517.651.0565x50858,Salinasstad,2023-10-26,Premium
212,Cheryl,Garcia,kelseysellers@example.net,890.808.2719x65955,Reidberg,2024-02-02,Regular
213,Suzanne,Benton,christopher69@example.com,459-310-2222x672,Jaredmouth,2024-07-08,Premium
214,Lori,Smith,jeffreyhiggins@example.net,417-697-6950x460,New Darrylfort,2025-09-20,Regular
215,Sabrina,Hutchinson,regina61@example.org,466-812-7111,Mccarthyfort,2024-10-21,Regular
216,Nathan,Hernandez,kelly34@example.com,(885)259-3867,Brandyberg,2025-02-06,Premium
217,Derrick,Johnson,piercelouis@example.com,6458274986,Sotoborough,2024-10-18,Premium
218,Juan,Allen,michael22@example.net,(367)839-4395x07963,Cruzburgh,2024-03-11,Regular
219,James,Charles,reyesfrank@example.org,(568)409-4703,East Brandonmouth,2024-12-31,VIP
220,Steven,Charles,stephanie13@example.net,001-861-708-1750x8638,New Justin,2024-05-26,Regular
221,Valerie,Brooks,ucabrera@example.org,(433)723-8854x534,Mitchellmouth,2024-01-02,Regular
222,Timothy,Brown,xjohnson@example.net,406.792.5740x561,Goldenhaven,2025-04-14,Regular
223,Mark,Riley,denise68@example.org,713-855-2950,Mcdonaldberg,2025-04-07,Premium
224,Mark,White,ashley96@example.net,(423)953-1293,Robertberg,2023-10-12,Regular
225,Morgan,Johnson,melissa14@example.net,+1-882-844-1518x3288,Stephenberg,2023-11-27,Premium
226,Timothy,Mitchell,ahall@example.org,330.645.2068x655,Wongborough,2024-06-04,VIP
227,Ruth,Lynch,pholloway@example.com,340.417.1557,West Kirsten,2024-04-08,Premium
228,Richard,Barnett,pettysheila@example.com,321-800-7208x652,Fordfurt,2025-06-02,VIP
229,Diana,Morton,jennifer09@example.net,+1-788-263-7952x21154,North Laurenburgh,2024-12-04,VIP
230,Maxwell,Saunders,burkemary@example.net,001-428-546-2765x5636,Parkstad,2025-01-22,VIP
231,Daniel,Conley,fallen@example.org,(277)853-8365,Timothybury,2024-02-21,Premium
232,John,Washington,sgarner@example.net,+1-532-986-7770x5868,Jacquelinetown,2025-04-07,VIP
233,Kimberly,Carter,deborah19@example.net,001-771-629-2366x321,West Matthew,2024-03-16,Regular
234,Devin,Spence,khanmatthew@example.org,+1-898-513-7136x782,North John,2024-12-12,VIP
235,Courtney,Abbott,lucaskimberly@example.org,001-567-458-5964x524,Greenhaven,2024-04-12,Premium
236,Kimberly,Perkins,richardsontiffany@example.org,7045552543,West Edwardtown,2024-03-11,VIP
237,Joseph,Smith,pgray@example.com,702.656.7884x450,Chelsealand,2023-11-13,Regular
238,Richard,Hardy,williamsbrian@example.net,+1-659-228-2110x928,Dianehaven,2023-12-16,VIP
239,Jeffrey,Lee,smiller@example.com,374.682.4838,Peterchester,2025-05-06,Premium
240,Christopher,Wilson,taylorchristina@example.org,(670)627-3021,New Alexander,2023-11-03,Premium
241,Rodney,Watson,khunter@example.org,684-284-4610x9225,South Grantberg,2024-12-12,Premium
242,Alexandra,Castro,elliottamber@example.net,988.920.6420,Gardnershire,2024-04-03,Premium
243,Sean,Wilson,ayalaamber@example.org,3217918172,West Robin,2025-09-07,VIP
244,Maria,Boyd,gary44@example.com,670-907-3078x8294,North Jackstad,2024-01-31,Premium
245,Mike,Boyd,jessica36@example.org,652-209-6441x8616,Lake Elizabeth,2023-10-24,Regular
246,Peter,Garrett,alvarezjamie@example.com,608-719-7795x722,Port Tylerbury,2025-01-03,Regular
247,Katherine,Hopkins,russodonna@example.net,943-237-2275x4478,Lake Alicehaven,2025-09-23,Regular
248,Melissa,Robertson,adamburns@example.org,001-276-876-4493x3073,East Lisa,2025-03-30,VIP
249,Jane,Hurley,christieroth@example.net,(988)354-9868x0929,North Mark,2025-08-16,Premium
250,Jessica,Brown,fryestephen@example.net,8928478648,North Carolynside,2023-10-04,VIP
251,Amanda,Scott,michellehuynh@example.com,419.334.7842,Gallegoschester,2023-12-21,Premium
252,David,Ruiz,solsen@example.net,001-912-562-6649,Robertshire,2024-11-26,VIP
253,Marc,Kirby,john13@example.com,785-645-0816,South Jamestown,2025-05-22,Regular
254,Jenny,Hopkins,johnsondouglas@example.org,501.732.3429x735,East Kevinberg,2024-03-06,Regular
255,Ashley,Gonzalez,fday@example.org,(548)836-7572x40522,Arthurton,2024-01-17,Regular
256,Dennis,Phillips,laurawilliams@example.com,505.909.5455,South Brooke,2023-10-14,Premium
257,Patrick,Bailey,drew14@example.com,+1-973-683-8279x837,East Judyview,2024-10-30,Regular
258,Alexandra,Becker,christinaclark@example.com,(305)659-8915x501,Aprilburgh,2024-06-25,Premium
259,Benjamin,Castillo,mahoneyjessica@example.org,664-631-4235x86734,Port Williamburgh,2024-03-20,Premium
260,Johnny,Roberts,squinn@example.com,742.719.2488x7377,Wellsmouth,2025-07-01,Regular
261,Sarah,Andrade,jessewhite@example.com,836-824-4398,Johnshire,2024-02-18,VIP
262,Nancy,Stanley,patriciamitchell@example.org,558.518.8748,Gabrielleton,2024-06-20,Regular
263,Samantha,Stewart,agreen@example.com,(868)979-7014x660,West Oscarmouth,2025-01-01,Premium
264,Darren,Hodges,estradadonna@example.net,922-697-2196,Garciachester,2024-09-15,Premium
265,Kari,Meyer,sharpsandra@example.org,(305)952-5274,South Jameshaven,2025-08-31,Premium
266,Rachel,Morrow,natasha31@example.net,645.399.0612x3819,Brittanyport,2025-08-19,VIP
267,Troy,Shannon,josephscott@example.com,+1-719-736-3349x178,North Kathyport,2024-07-08,Premium
268,Oscar,Camacho,rdiaz@example.org,001-208-704-8153x3620,Dayburgh,2024-07-28,Premium
269,Caitlin,Ward,mhoward@example.net,+1-272-781-6949,Crossbury,2024-08-31,Premium
270,Monica,Weber,glen48@example.org,+1-371-599-7380x14510,Kaylaview,2024-10-28,VIP
271,Thomas,Anderson,jeremiah17@example.net,796.223.6995x47230,Barkerton,2024-01-13,Regular
272,Frank,Terry,fshelton@example.com,411-261-4233x320,New Julie,2023-10-13,Regular
273,Timothy,Schmidt,briansanders@example.org,(290)638-6690,Cantumouth,2024-03-11,Premium
274,Russell,Brown,charlenewilliams@example.net,+1-318-375-0224x293,Barrstad,2024-12-19,Premium
275,Matthew,Huerta,hobbsbailey@example.com,5613492911,Hallmouth,2024-11-30,Regular
276,Mary,Valdez,rosekatie@example.net,883.673.8402x078,Marissaville,2025-06-22,Regular
277,Lisa,Estes,ntorres@example.net,654.880.5117x9876,East Roberttown,2024-08-21,VIP
278,Christopher,Kane,joshua65@example.com,+1-944-677-3999x4028,South James,2025-01-15,Regular
279,Matthew,Wilson,sbennett@example.com,229-811-2529x61883,Dicksonville,2024-12-10,Premium
280,Amy,Tran,michelle24@example.org,550-874-5064x1795,Marytown,2025-04-19,Regular
281,Megan,Morris,waltondiana@example.com,(359)622-7585x01585,Brettchester,2024-10-26,VIP
282,James,Davis,meganmoreno@example.org,566-222-5462x34850,South Curtis,2025-08-29,Regular
283,Robert,White,daniel84@example.net,+1-445-240-0690x2894,West Melvinstad,2024-07-29,Premium
284,Kevin,Holland,jessicaellis@example.org,+1-565-264-6234x5735,New Samuelmouth,2024-02-10,VIP
285,Troy,Harris,stevenspamela@example.com,509.541.4458x11682,North Annaland,2025-03-26,VIP
286,Jean,Campbell,ydouglas@example.org,+1-495-745-1663,Wayneshire,2025-03-28,Premium
287,Christopher,Villanueva,kwest@example.net,(957)467-6204x56870,East Joshua,2024-06-24,VIP
288,Christina,Jacobs,jaime78@example.org,+1-834-832-3845x73445,Nicoleshire,2025-02-24,VIP
289,Keith,Evans,jamesperez@example.com,288-875-6926x8174,Jeremyburgh,2024-11-20,Premium
290,David,Cameron,jessica64@example.com,4789304300,Port Oscar,2024-08-04,Premium
291,Wayne,Saunders,kimwoods@example.org,648.640.5415x908,Port Joseph,2025-08-13,Premium
292,Suzanne,Jimenez,scarter@example.com,001-330-852-9830,Johnberg,2023-11-04,Regular
293,Jennifer,Martin,christopher61@example.net,(488)640-2721,North Allisonshire,2023-11-17,VIP
294,Joy,Gillespie,romerojason@example.org,(997)716-7223,North Erin,2023-12-28,Regular
295,Joel,Blake,allenjessica@example.net,+1-422-207-0152,Port Malloryview,2023-11-07,Premium
296,John,Taylor,jenniferlong@example.org,675.366.9288x3822,South Jamesville,2025-08-14,VIP
297,Scott,Carter,roselevi@example.org,812.811.3619x263,South Matthew,2024-02-09,Premium
298,Christine,Sullivan,bernarddiaz@example.com,001-875-982-7411x4627,New Rebeccafort,2024-12-28,Regular
299,Cody,Paul,cwarner@example.net,001-402-412-9884,North Kristashire,2024-07-29,Regular
300,Carlos,Perez,emilyestrada@example.net,543-273-0941,South Nicholas,2024-12-25,VIP
301,Timothy,Sandoval,bennettcrystal@example.com,(840)438-3502,East Stephanieberg,2025-07-17,VIP
302,Eugene,Delgado,johnsonnicole@example.org,(329)848-9972x014,Lemouth,2024-04-25,Premium
303,Brian,Jimenez,mallory03@example.com,514.327.1815x885,Lake Kevin,2024-05-01,Premium
304,Rebecca,Rodriguez,katie02@example.net,+1-850-734-4991x78672,Dillonton,2025-04-11,Regular
305,Heather,Cohen,henrymegan@example.com,4693100534,New Kristaton,2024-07-27,Premium
306,Brad,Reed,cassie05@example.net,835.623.7335x78881,West Abigailhaven,2025-04-02,Premium
307,Richard,Khan,tateharold@example.org,+1-942-751-9029x3194,Lindaberg,2024-06-25,Regular
308,Donald,King,lgomez@example.org,001-944-216-7593x627,Lake Christopherfort,2025-07-21,Regular
309,Tammy,Jordan,davidholland@example.com,+1-841-674-2592x025,Ashleystad,2024-03-09,VIP
310,Diane,Carlson,josephsmith@example.org,331.332.0841x3746,North Brandiberg,2025-01-04,VIP
311,Jeffrey,Morgan,christopherhernandez@example.net,001-659-794-5459x20198,Yvettemouth,2024-02-06,Regular
312,Mark,Medina,housedavid@example.net,001-466-842-9623x2267,East Robinville,2024-04-03,Regular
313,Edgar,Thompson,amanda16@example.com,001-634-491-1814x06881,Port Davidton,2024-07-15,Premium
314,Heather,Lopez,kimberlywilliams@example.com,673-889-5218,East Richardport,2024-09-14,VIP
315,Lisa,Hanson,mccluremichelle@example.org,001-266-396-8898x715,Thompsonfurt,2024-10-16,Premium
316,Kelly,Brown,holly20@example.net,+1-372-296-6703x68957,North Frank,2024-07-15,Premium
317,Travis,Porter,luke46@example.org,(281)849-6983x1572,Ortizfort,2025-07-21,VIP
318,Paige,Allen,janewatson@example.com,989.415.3184,Bradleyborough,2024-07-08,Premium
319,Chelsea,Keller,vmiranda@example.org,(201)987-2023x074,North Lisa,2024-11-19,Regular
320,Jennifer,Smith,freemannichole@example.net,+1-453-323-2570x0693,Manueltown,2024-03-14,Regular
321,David,Miller,littlejason@example.org,+1-314-953-6363x82156,Hillfort,2025-07-10,Regular
322,Julie,Rodriguez,perezcharles@example.net,580.908.4278,Carlostown,2023-12-25,Premium
323,Sarah,Wilson,ihoward@example.net,001-684-845-6056x8131,Maxwellfurt,2024-05-15,Premium
324,Brooke,Peterson,kirbyalbert@example.com,(419)815-8519,Ramirezchester,2024-01-26,VIP
325,Matthew,Huber,vjones@example.com,001-857-996-0542x694,West Amy,2025-07-16,Regular
326,Jennifer,Bowman,farmershawn@example.org,253-753-4772x3730,Christophershire,2024-08-26,VIP
327,Patrick,Baker,arianamartin@example.org,337.232.9415,Aliceshire,2024-09-26,Premium
328,Matthew,Lee,toni49@example.net,(823)410-1360,South Justintown,2024-07-27,Regular
329,Justin,Vasquez,brownrenee@example.net,001-575-968-3927x4684,West Christopher,2025-05-11,Premium
330,Sara,Greene,bradleycordova@example.net,593.884.2434x795,Sanchezville,2025-06-25,VIP
331,Rose,Roman,hollyrodgers@example.com,840-653-9468,Port Stevenview,2024-09-15,Regular
332,Barbara,Jones,georgeramirez@example.org,984-624-7905x84259,East Jenniferton,2024-01-04,VIP
333,Jimmy,Wilson,qdoyle@example.org,976.275.0992,Macdonaldside,2025-06-09,Regular
334,Anthony,Jordan,quinnkatherine@example.com,820.569.3029x9384,Richardsonberg,2024-04-02,Premium
335,Ryan,Wiley,ylee@example.org,738.295.6789x269,New Michelle,2025-09-20,VIP
336,Johnny,Brown,xdiaz@example.com,001-532-323-3306x4623,Ellisberg,2025-08-19,Regular
337,Christopher,Jenkins,turneramy@example.com,9522897227,Tamaraland,2024-02-19,Regular
338,Michael,Thomas,nathanmoore@example.net,(334)664-9979x3408,Anthonyburgh,2025-01-04,Regular
339,Brandi,Jimenez,hunterangela@example.net,535.937.7650x6781,North Sierra,2024-07-20,VIP
340,Michelle,Garner,james36@example.com,470.365.7886x67719,South Claudia,2023-10-28,VIP
341,Cody,Brown,schroederjustin@example.com,915-632-2281,Taylorchester,2024-08-19,VIP
342,Sandra,Logan,ocalderon@example.net,(771)385-7330x9883,South Christina,2024-05-22,Premium
343,Lori,Bond,bartonpamela@example.org,904.346.8043x743,Dawnburgh,2025-09-08,Premium
344,Matthew,White,amy87@example.net,001-203-310-8404x551,Jessicatown,2024-02-17,VIP
345,Robert,Sanchez,brianmoore@example.org,264.366.1572x430,Port Jonville,2023-09-27,Regular
346,Thomas,Ramirez,williamsamanda@example.org,730.526.7120x520,Mcguireview,2024-12-16,Premium
347,John,Hunt,ryanorozco@example.org,909.389.7752x97606,Wilkinsland,2025-06-28,Regular
348,Christine,Moon,gilesjustin@example.org,980.208.9191,North Williamborough,2025-03-09,Premium
349,Lawrence,Moss,tramirez@example.com,(274)487-9987x0136,Shaunborough,2024-02-04,Regular
350,Andrea,Burke,halltammie@example.com,671-808-3167x02376,West Coryport,2025-03-25,Regular
351,Brooke,Johnston,tmurphy@example.com,598.724.1079,Katherinefort,2024-11-16,Regular
352,Julia,Barrett,johntaylor@example.com,488.662.1447x0153,Ramosburgh,2023-11-22,Regular
353,Michael,Watson,joseph64@example.net,8735960455,Mariahport,2024-06-06,VIP
354,Christopher,Riley,ybryant@example.com,709.582.6962x2432,West Todd,2025-02-20,Regular
355,Joanna,Cardenas,asimon@example.org,001-628-269-6386x51534,Jonathanfort,2025-08-18,Regular
356,Michael,Duke,adam30@example.org,265.325.0988x249,Angelamouth,2024-06-26,Premium
357,Adrienne,Welch,scottjason@example.net,(402)454-0565,Estesland,2024-07-22,Premium
358,Douglas,Salas,hstevenson@example.org,+1-304-207-6098x798,North Larryton,2024-01-14,Regular
359,Sean,Wilson,yhenderson@example.org,671-275-0561,North Heatherburgh,2024-06-26,Regular
360,Timothy,Hatfield,camposjessica@example.com,3746777084,East Angela,2024-09-29,VIP
361,Michael,Shields,bbrooks@example.com,001-958-310-7908x7848,Hebertchester,2025-04-06,Regular
362,Lori,Davies,lisafitzpatrick@example.net,(315)209-1613x57416,East Jessica,2024-01-31,Premium
363,Steven,Miller,edwardbates@example.net,+1-899-464-8711x4912,South Aaronmouth,2024-01-03,Premium
364,Lauren,Wu,amyers@example.net,842-396-1873x2499,Coxborough,2024-08-01,Regular
365,Nicole,Griffith,davidsimmons@example.com,(229)627-5745,Guerreroland,2024-12-18,Premium
366,Holly,Morris,hardinjillian@example.com,(532)372-6279x122,New Mariaberg,2024-09-06,VIP
367,Kenneth,Pearson,luis49@example.net,+1-473-589-0469x06528,West William,2024-12-07,Regular
368,Jared,Garcia,tiffany07@example.net,001-753-726-7909x445,South Ricardofort,2024-12-20,Premium
369,Douglas,Wilson,michael78@example.com,+1-721-316-8203x979,Sarahfort,2024-06-30,VIP
370,Stephanie,Patton,jsanders@example.org,956-370-0079x55216,East Timothymouth,2024-08-14,VIP
371,Anna,Mcdonald,shannonmcclure@example.org,571-882-4273,East Tracyshire,2024-06-14,VIP
372,Richard,Roberson,kcarter@example.net,+1-532-810-5878x007,Atkinsborough,2024-10-29,VIP
373,Derek,Estes,rparker@example.net,+1-672-622-7904,Phillipsbury,2023-10-08,Premium
374,Kyle,Diaz,robert30@example.com,+1-633-318-6033,South Dennis,2025-02-03,Regular
375,Austin,Horton,jmolina@example.com,(758)971-5209x866,East Dawn,2025-01-17,VIP
376,David,Hudson,ggilmore@example.net,(880)346-7532x4091,Christensenbury,2024-01-26,Regular
377,Brian,Fernandez,obautista@example.org,818-959-3202x9043,Anthonyhaven,2024-04-01,Premium
378,Arthur,Martinez,albertluna@example.com,+1-526-266-0426x26490,Port Sabrina,2024-07-10,Premium
379,Dominic,Jones,russellacosta@example.net,647-744-4033,Gutierrezborough,2024-01-29,Regular
380,Steven,Kennedy,adam20@example.com,001-242-596-1461,East Cindy,2024-01-20,Premium
381,Daniel,Arellano,oday@example.com,001-828-627-8228,Terriville,2023-12-18,Regular
382,Rebekah,Travis,sbrooks@example.org,+1-857-308-5481x3733,New Haleyside,2024-01-19,Regular
383,James,Vargas,kevin56@example.net,+1-598-508-4069x976,East Rebeccaland,2024-01-19,Regular
384,Justin,Brown,elizabeth49@example.net,287.687.5676x221,West Markmouth,2024-12-27,Regular
385,Joann,Lin,xcain@example.net,770-467-7934x88110,Brightside,2024-06-26,Regular
386,Gregory,Potter,lesterdylan@example.net,001-530-926-3200x15329,Houseburgh,2024-02-18,Premium
387,Jeanne,Mccarthy,xrobertson@example.net,(446)261-3650x07405,Hillview,2025-03-25,Regular
388,Richard,Morgan,reidtracey@example.com,(955)403-2621,West Stephanie,2025-07-03,Premium
389,Daniel,Hughes,matthew79@example.org,(346)824-4208x619,East Roberta,2024-07-26,Premium
390,Nicole,Bryant,francis34@example.net,+1-582-747-0806,East Heatherside,2025-01-16,Regular
391,Julie,Garner,william21@example.net,(581)228-5737,Dylanburgh,2023-12-01,Regular
392,Sean,Douglas,wwilliams@example.com,(451)829-6143x85517,South Vincent,2024-10-12,Premium
393,Katherine,Kennedy,olivergina@example.com,001-493-568-0873,South Lauraburgh,2023-12-26,Premium
394,Jamie,Murray,matthewmoore@example.com,(207)472-7155,Courtneyberg,2024-06-18,VIP
395,Daniel,Gibbs,michelle27@example.com,748.949.7883,Kellimouth,2024-11-11,Premium
396,Sean,Parker,gamblekimberly@example.org,(859)684-3689x0221,Snyderborough,2024-06-25,VIP
397,Jacqueline,Richards,comptonbrandy@example.net,848.844.2846,Lake Samuel,2024-04-09,Regular
398,Brandon,Sanchez,brownstephanie@example.com,999.858.4626,Blakeland,2025-02-05,Regular
399,Angela,Cooley,dwong@example.org,(502)403-4838,North Greg,2025-07-12,VIP
400,Eugene,Watson,hawkinssamantha@example.com,(291)970-7287,Port Louis,2024-01-12,Premium
401,Jack,King,zvaughn@example.com,(532)317-2779x906,East Cynthiastad,2024-10-31,VIP
402,Ryan,Taylor,anguyen@example.com,968.418.7039,Bakerville,2025-06-14,VIP
403,Emily,Keller,daltongabriela@example.org,(512)700-0532x5348,East Jennifer,2025-08-17,VIP
404,Matthew,Martinez,wendy40@example.net,400-304-0791,South Nataliefurt,2025-05-21,Premium
405,Donna,Davis,angelapace@example.net,(616)933-1260,Wheelerside,2023-12-22,VIP
406,Stephanie,Smith,hlang@example.net,001-936-742-6623,Lake Jennifer,2024-10-14,VIP
407,Gregory,Jordan,whernandez@example.com,594.495.4530x5935,Castroport,2024-01-06,Premium
408,Kari,Huffman,gallaghercory@example.org,(280)832-7920,Phillipsland,2024-06-12,Regular
409,Kari,Warren,mcfarlandveronica@example.net,599-316-8384,Curtischester,2025-05-11,VIP
410,Alexandra,Mcdaniel,christopherwalls@example.net,(764)408-9252,Michaelland,2023-11-30,VIP
411,Brent,Washington,nicholas47@example.org,+1-675-530-3133,North Michaelview,2025-04-30,Regular
412,Mark,Nichols,horr@example.org,356.896.7579,West Teresa,2024-08-13,Regular
413,Lori,Carter,austin13@example.org,+1-716-273-5411x6684,Coleshire,2025-05-21,VIP
414,Marvin,Lewis,bgarrison@example.com,+1-971-296-9227x68075,Elizabethborough,2024-09-30,Premium
415,Frank,Collins,jessica53@example.org,001-380-365-8327x846,Robertburgh,2024-04-28,Premium
416,Jessica,Drake,ingramcaleb@example.net,277.704.9120x789,Eddieton,2024-03-09,Regular
417,Elizabeth,Torres,ohughes@example.com,894-436-1053,Lake Amymouth,2024-11-09,VIP
418,Jacob,Madden,iwilliams@example.net,665.422.7775x073,North Jennifermouth,2024-04-29,Premium
419,Taylor,Smith,david84@example.org,789.664.2796x59845,Lake Susan,2025-07-25,VIP
420,Timothy,Bennett,eochoa@example.net,(997)666-7449x116,Meganport,2024-06-28,Regular
421,Annette,Cook,wheelerlisa@example.net,001-757-462-8683,New Jonathan,2024-02-16,Premium
422,Derek,Valdez,hrojas@example.com,269-999-0145x57687,North Seanchester,2024-05-03,VIP
423,Michelle,Vasquez,thompsontony@example.com,356-885-1997,Davidborough,2024-04-12,Regular
424,Kimberly,Wong,ana89@example.com,906-503-9505x5553,South Gabriella,2024-12-19,Regular
425,Lori,Miller,christinabell@example.net,329.572.7646x6026,Jamesmouth,2024-07-02,Regular
426,Shelley,Johnson,walkerkelly@example.com,001-567-504-8797x5805,Joyshire,2024-06-16,Premium
427,Stephen,Harris,james76@example.org,(265)449-7991,Edwardburgh,2024-06-23,Premium
428,Robert,Bennett,flowersmaria@example.com,4113820601,Olsonchester,2025-08-08,Premium
429,Carl,Hernandez,zhicks@example.org,427.722.0952,New Amyfurt,2024-03-04,Regular
430,Sandra,Marsh,cookstephanie@example.net,(808)834-6475,Fernandotown,2024-03-17,Regular
431,Brittany,Guzman,ythompson@example.net,260.660.4312,Jamestown,2025-06-03,Regular
432,Andrew,Ochoa,dsantiago@example.com,(565)251-5610x9628,Grayside,2024-10-20,Regular
433,Christine,Wang,taylor50@example.net,+1-285-997-4988x486,Lake Erinview,2025-09-15,Regular
434,Nathan,Cox,wrightmichelle@example.net,+1-867-483-7117x456,South Sarahland,2025-03-14,Regular
435,Heather,Richard,vcline@example.org,723.371.5870x294,Johnchester,2024-05-12,Premium
436,Emma,Miller,lanevincent@example.com,(251)862-6703x17559,Tapiaview,2025-05-04,VIP
437,Wendy,Davila,kstrickland@example.com,577.566.4070x82601,Elaineview,2025-07-04,VIP
438,Shawn,Flowers,jenkinsjonathan@example.com,001-657-310-6537x04732,Smithhaven,2025-08-05,Premium
439,Donald,Jackson,zwells@example.com,(512)468-3351x978,East Davidton,2025-06-07,Premium
440,Tony,Wright,garymendoza@example.org,6665576900,North Christopher,2024-07-09,Regular
441,Oscar,Bishop,lhurst@example.org,683.736.2428x52663,East Justin,2025-05-01,Regular
442,Morgan,Brown,dennis97@example.com,801-394-1700x311,Port Paulborough,2024-02-03,Regular
443,Kevin,Brown,xwyatt@example.net,399.803.1619,New Jefferystad,2025-07-18,Premium
444,Nathan,Williamson,dakota89@example.com,392.249.0416,South Tylerberg,2024-01-11,Premium
445,Jack,Smith,max77@example.net,768.497.7317x129,Lake Pamela,2023-12-08,Premium
446,Jennifer,Logan,andre94@example.net,(693)730-8904x076,Darrenshire,2025-03-27,Regular
447,Haley,Smith,susan45@example.org,+1-238-404-5376x255,Joshuatown,2023-10-19,Regular
448,Paul,Wilson,williampetersen@example.org,+1-524-613-2416x51228,Lewisburgh,2023-11-11,Premium
449,Nancy,Baker,solson@example.com,4322749955,Thomasburgh,2024-08-25,Regular
450,David,Kent,frederickmitchell@example.org,001-989-755-7155x23767,Morenoport,2023-09-30,Regular
451,Kristin,Sullivan,jamesnguyen@example.org,8826439864,Curryton,2025-04-27,VIP
452,David,Lopez,whitemichaela@example.org,+1-723-284-1568x714,Powersbury,2025-05-24,Regular
453,Jennifer,Rivas,lamlaura@example.net,811.820.8581x359,Shirleybury,2025-08-23,Regular
454,Angela,Salazar,bakergary@example.org,001-730-641-3168x7132,West Deborah,2024-09-25,Regular
455,Tara,Maldonado,riverakurt@example.org,270.863.3036,Whitetown,2025-02-20,Premium
456,Carl,Davis,walkerchristy@example.com,600.746.1212,Port Tracyborough,2023-12-26,Premium
457,Brian,Martinez,gwright@example.com,001-477-492-8773x66002,Adamfurt,2024-10-08,Regular
458,Felicia,Barnett,duanebrown@example.org,(270)776-3394,Lake Russell,2025-02-21,VIP
459,Melissa,Henry,reesebruce@example.com,563-917-5855x116,New Vanessa,2024-11-11,Premium
460,Nicholas,Watson,dennisstafford@example.org,001-834-833-9621x2602,Port Kristinaview,2025-04-21,VIP
461,Larry,Gay,qflores@example.com,001-917-790-4321x42689,Wilsonmouth,2024-07-27,VIP
462,Alicia,Gordon,murraykimberly@example.net,(524)456-6073x2376,Richardshire,2023-11-17,VIP
463,Edward,Key,estradalouis@example.com,001-640-932-4659,West Alexandrahaven,2024-01-27,Premium
464,Kimberly,Williams,ritagonzalez@example.net,221.220.1426,Richardfurt,2025-02-01,Regular
465,George,Williams,daniel86@example.com,394-213-0909,West Russellfurt,2024-10-12,Premium
466,Curtis,Vargas,zbeck@example.net,(964)985-1808x214,South Joshua,2024-01-15,Premium
467,Robert,Ruiz,ohill@example.net,787.267.8734x81962,Kingbury,2024-12-27,VIP
468,Jennifer,Anderson,johnsonjonathan@example.org,(579)657-1010x464,Lake Terranceshire,2025-07-06,VIP
469,Jill,Robertson,smcdaniel@example.com,782-982-5949x19811,Sarahborough,2024-09-29,Premium
470,Chelsea,Santiago,stewartconnie@example.com,001-346-705-8683x06903,South William,2024-08-04,Premium
471,Christopher,Norman,iblake@example.net,691.859.6632x89073,Clementsshire,2024-08-13,VIP
472,Marvin,Schultz,tapiapaula@example.net,+1-843-304-5935x53933,Michellestad,2023-11-29,Regular
473,Alejandro,Nelson,campbellmark@example.net,7335876486,West Stevenfort,2024-04-15,Regular
474,Craig,Smith,roy68@example.net,714.495.2291,North James,2025-07-29,VIP
475,Shawn,Turner,jrobertson@example.com,9883830456,Shannonburgh,2023-10-09,Premium
476,Jason,Reese,teresa74@example.org,517-399-4122x326,Port Johnland,2023-12-04,Regular
477,Jessica,Lee,sweaver@example.com,(526)629-0389x4057,Nicholasport,2025-06-24,Premium
478,Louis,Morgan,harrisadrian@example.org,3755126151,Lake Victorport,2024-03-05,VIP
479,Richard,Ryan,ubaxter@example.net,419.737.9587x104,Michaelfurt,2025-07-27,Regular
480,Paula,Ferrell,shawn94@example.org,+1-364-373-0328x4404,Michaelburgh,2024-01-21,VIP
481,Ashley,Knox,douglasfoster@example.org,8266920261,Port Emilymouth,2025-09-19,VIP
482,Philip,Gordon,lesliehayes@example.com,001-568-365-9197x66163,Port Robertstad,2025-08-06,Regular
483,Wendy,Holmes,krystalsmith@example.com,001-303-535-4023,Duranhaven,2024-11-02,Regular
484,Brian,Black,melissaphillips@example.org,+1-430-307-1409x745,Roberthaven,2024-01-18,Premium
485,Benjamin,Davenport,hendersonjay@example.org,270-354-2229x1179,Pachecohaven,2024-01-16,Premium
486,Steven,Wong,blacklarry@example.org,+1-843-712-7807x00948,West Ruthberg,2025-05-04,Premium
487,Kyle,Cruz,diane18@example.com,965-409-8675,South Kellyborough,2024-04-15,VIP
488,Philip,Mcdonald,banderson@example.com,+1-840-802-5419x7981,West Anthonyshire,2025-05-25,Premium
489,Michael,Kirby,rlowe@example.org,(517)841-2322,Justinland,2025-09-15,Premium
490,Katherine,Shaw,whudson@example.com,001-544-923-9193x721,Lake Stanleyville,2025-04-05,Regular
491,Charles,Hester,brenda72@example.org,443.262.6342x72826,Loriburgh,2025-03-04,VIP
492,Joe,Hall,williamsanthony@example.org,748-377-3044,Baileyfurt,2023-09-29,Regular
493,Krista,Ayala,mccartyzachary@example.com,9182328627,East Crystalburgh,2024-10-14,Premium
494,Jeremy,Davis,drios@example.com,+1-763-246-3599x342,North Adrienne,2024-03-01,Regular
495,Kendra,Davis,haynestanner@example.net,(298)742-4241x05256,Judyport,2023-12-14,VIP
496,Sara,Prince,brentsmith@example.net,(761)982-1359,Lake Taylorstad,2024-07-06,VIP
497,Emma,Johnson,butlerjohn@example.net,+1-363-584-6512x8387,New Mikayla,2024-07-08,Regular
498,Caitlin,Cooper,matthewalexander@example.com,646-446-7375,Whiteberg,2024-04-22,Premium
499,Kenneth,Davies,warrencharles@example.com,497.232.0681x248,Lake Teresafurt,2025-03-03,VIP
500,Erika,Marsh,scottcampbell@example.net,981.862.8904x139,South Joshua,2023-11-04,Premium
501,Mario,Ferguson,aking@example.com,661.599.9451,Bettyton,2024-07-12,VIP
502,Melissa,Bowen,michaeljohnson@example.net,732.531.2624x740,North Ashleyhaven,2025-09-19,Premium
503,Diane,Small,pruiz@example.com,585.485.3700,North Amber,2024-10-16,VIP
504,Jerome,Lawrence,donald80@example.org,+1-610-745-9237x94089,Allenland,2024-03-11,Regular
505,Alexandria,Robinson,lli@example.com,+1-760-782-4500x2830,Pamfurt,2025-08-14,Regular
506,Marissa,Manning,fhall@example.com,(810)664-9237,Lake James,2024-04-16,Regular
507,Andrew,Williams,sarahmiller@example.org,7846564284,Richardborough,2024-04-06,Premium
508,Matthew,Cowan,npotter@example.net,327.428.7614x30219,Jamesfurt,2024-07-11,Regular
509,Connie,Harris,harrisjoel@example.net,(323)581-5008x384,North Susanchester,2025-06-12,Premium
510,Amy,Flores,gregoryharrison@example.net,935-685-4394x84934,Brownland,2024-02-23,Regular
511,Micheal,Evans,fwilliams@example.org,001-285-986-0445x950,Port Patriciaside,2024-03-10,Regular
512,Eric,Anderson,hallashley@example.org,001-539-384-7505x26888,Crosbymouth,2023-12-14,Regular
513,Kimberly,Wilkinson,aguilarjennifer@example.org,+1-512-952-9394,South Lisashire,2023-09-26,Premium
514,Victor,Singh,scottbailey@example.com,001-870-291-4766,Reynoldsborough,2023-12-06,Regular
515,Jennifer,Johnson,khammond@example.net,7233109275,Wrightport,2025-08-01,Regular
516,Chris,Richard,lhaney@example.org,(498)464-9194x80056,North Justinberg,2025-08-03,Premium
517,Jessica,Key,christopher12@example.com,(437)569-7961x4825,West Ritaburgh,2024-03-27,VIP
518,Tricia,Brown,christophermiller@example.org,461-507-6603,Clarkbury,2024-03-19,Premium
519,Lauren,Thomas,pking@example.net,554.579.7310x7339,Mathisport,2024-09-18,Premium
520,Alexis,Martinez,gregory16@example.com,001-609-573-2735x96067,Johnathanberg,2023-12-29,Regular
521,Philip,Jones,bryanhebert@example.org,770.306.2257x61281,Fitzgeraldchester,2023-10-25,Regular
522,Peter,Shannon,wdavis@example.org,001-442-392-6645x675,East Ericachester,2024-08-14,Regular
523,Benjamin,Brown,vcallahan@example.com,716.964.4653x2051,Gonzalezmouth,2023-10-28,Premium
524,Sarah,Chavez,justinaguilar@example.org,568.364.0659x64595,East Alexanderchester,2023-12-25,Premium
525,Heidi,Randall,roger55@example.net,(527)269-5760,South Heiditon,2024-11-27,VIP
526,Elizabeth,Bradford,hilljennifer@example.com,774-901-8674x1978,Stevensshire,2024-11-05,Regular
527,Jennifer,Ellis,rachelking@example.org,(677)372-2955x51879,South Masonfort,2025-03-09,Premium
528,Linda,Jacobson,colemandylan@example.net,(220)702-0279x716,East Kevin,2025-02-16,Premium
529,Whitney,Winters,richsean@example.com,438-666-3353x448,Port Karina,2023-10-25,Regular
530,Emily,Johnson,melissagray@example.com,238-358-0488x63950,Danielside,2024-05-12,Premium
531,Nicole,Fernandez,kperez@example.com,(325)721-6471x6753,Hernandezfurt,2024-07-03,VIP
532,David,Hawkins,carl47@example.com,+1-901-250-8530,North Caleb,2024-09-11,VIP
533,Beth,Proctor,gibsonrobert@example.org,(529)666-8660x2249,Howechester,2024-08-07,Premium
534,Mark,Morris,rebekahporter@example.net,7637097601,Scottberg,2024-10-13,VIP
535,Julia,Miller,lindseyharris@example.org,491.927.2942,Port Timothy,2024-09-06,Regular
536,David,Knox,dennisho@example.org,423.632.5497,Ramirezville,2025-06-22,VIP
537,Mason,West,kenneth98@example.org,+1-990-798-8138x32909,Lake Jim,2023-10-29,Regular
538,Kiara,Wood,gray@example.net,(456)897-3427,Lake Micheal,2025-04-26,Premium
539,Samuel,Liu,walkeralbert@example.org,515-678-6781x7841,Andrewshire,2023-10-29,VIP
540,Jennifer,Randall,lallen@example.com,250.427.9378,Michaelmouth,2024-11-14,VIP
541,Jason,Martin,michellegregory@example.com,+1-703-980-7436,Danielbury,2025-02-11,Regular
542,Elizabeth,Evans,steven79@example.org,+1-541-539-3834x999,East Laura,2025-06-25,Premium
543,Randy,Graham,lindamoore@example.com,415.712.7164x086,Tammyland,2023-10-26,Regular
544,Catherine,Douglas,howardmichael@example.com,+1-444-877-8514x6477,Lake Davidburgh,2024-06-06,Premium
545,Eduardo,Clark,ryansantana@example.org,984.418.7286x260,Hopkinsberg,2024-11-18,Premium
546,Joshua,Pope,angelafrench@example.org,+1-955-994-5611x66295,Lanemouth,2025-03-18,Regular
547,Joshua,Bautista,michael08@example.org,696-852-5669x4967,Lake Reginaville,2024-10-22,Premium
548,Ian,Martin,brownjeremy@example.com,278-247-4617,Keyfort,2025-08-13,VIP
549,Christopher,Lam,isaiahtorres@example.com,254-445-7813x719,Blankenshipberg,2024-10-19,VIP
550,David,Murphy,thunter@example.net,+1-540-854-4495,South Richard,2024-01-06,Premium
551,Walter,Romero,leahharrington@example.org,+1-453-271-7461x444,Port Julialand,2024-08-20,Regular
552,Brian,Martinez,smithsamuel@example.net,712.916.8249x4137,Rachelton,2024-08-09,Regular
553,Spencer,Chambers,cberry@example.net,375-308-3285x2162,New Randy,2024-07-02,Regular
554,Maria,Tyler,benderrobert@example.net,201-239-1666x15604,Turnerfort,2024-01-06,Regular
555,Sara,Odom,melissawilson@example.org,(437)309-7749x3821,South Tammymouth,2023-11-30,Regular
556,Natasha,Paul,dennisbean@example.net,+1-610-303-3094x415,Port Thomasborough,2025-08-30,Regular
557,Angela,Wade,april23@example.com,(698)589-3779x6292,Port Wayne,2024-01-16,VIP
558,Sylvia,Park,ghuffman@example.org,001-277-812-1027x78970,Knightburgh,2024-01-10,VIP
559,Jimmy,Paul,ymcmillan@example.net,747.996.5705x91691,East Shaunmouth,2025-04-26,Premium
560,Victoria,Hawkins,upatterson@example.com,240-977-3662,Stephaniemouth,2025-05-11,Premium
561,Timothy,Adams,qfuller@example.net,619.913.0771x063,North Howardville,2025-01-13,Premium
562,Jennifer,Edwards,tcaldwell@example.org,(527)758-0845,Dianaburgh,2023-12-16,Premium
563,James,Callahan,rwilkerson@example.org,2015656541,Michaelfort,2025-07-30,Regular
564,John,Hernandez,raymondskinner@example.org,925-453-8220,Port Jenniferton,2023-12-07,Premium
565,Kristen,Gilmore,joshuaboyd@example.com,(851)452-3282,Heatherland,2025-06-03,Regular
566,Veronica,Coleman,matthewsnatasha@example.net,817-961-5772,South Tammy,2024-03-14,Regular
567,Sean,Thompson,amybarrera@example.com,749-818-4379,Ritamouth,2025-08-06,VIP
568,Derek,Johnston,kscott@example.com,3772343969,Port Sharonfort,2024-06-11,Regular
569,Rachel,Walter,zacharywalker@example.net,257-982-4174x9853,East Christopherport,2024-02-05,VIP
570,Alexis,Morgan,cameroncook@example.org,5263148597,Rogersmouth,2024-11-18,VIP
571,John,Morris,psmith@example.com,251-279-3154,Richardstad,2023-12-26,Regular
572,Larry,Lester,carrie25@example.org,4644561152,Belindaburgh,2024-03-09,VIP
573,Gregory,Smith,eric20@example.com,+1-640-421-9571x9534,Cynthiaview,2024-03-03,VIP
574,Travis,Chavez,jacqueline99@example.com,9596149483,Port Danny,2025-03-07,VIP
575,Thomas,Miller,kathy41@example.org,663.784.1043x5546,Ericafort,2023-11-15,VIP
576,Roy,Wall,lalvarez@example.com,341-661-5900x4572,East Williamton,2025-04-28,VIP
577,Rebecca,Shepard,anguyen@example.org,(389)504-6600,Joelton,2023-12-29,Regular
578,Brandi,Price,debrasuarez@example.com,4244701386,Jessicaburgh,2025-04-12,Regular
579,Yolanda,Wilson,njohnson@example.net,269-983-8138x287,North Elizabeth,2025-05-13,Premium
580,Nicholas,Fuller,fowlerjoyce@example.net,001-545-753-1335x6804,West Wendy,2024-03-27,VIP
581,Jennifer,Kelly,crystal22@example.com,281.359.2858x28706,Carlosside,2025-01-27,VIP
582,Olivia,Lewis,gwatkins@example.com,214.227.0376,Port Clairefort,2024-05-02,VIP
583,Darren,Donaldson,patrickjohn@example.org,(897)803-7400,Charleneburgh,2024-07-09,Premium
584,Amy,Beard,acevedotim@example.net,+1-235-841-0541x65165,Murraystad,2025-03-05,Premium
585,Lori,Burgess,bcampos@example.com,965-253-9457x6922,North Garrett,2024-05-02,VIP
586,Jessica,Rodriguez,melanie35@example.com,414.354.7918,Port Albertport,2024-07-26,Regular
587,Randy,Rodriguez,jenniferjohnson@example.net,(457)803-0524x186,Kristenview,2024-12-11,Regular
588,Christine,Houston,emilyglass@example.net,(977)255-2975x493,West Clarencemouth,2024-06-06,Premium
589,Sarah,Simpson,nicole37@example.com,001-730-613-7562x8449,Rowebury,2024-10-29,Premium
590,Joseph,Cook,wisemark@example.net,583-533-8757,West Denise,2024-11-08,Premium
591,Jacob,Wiggins,susan43@example.net,895.964.1223x9761,North Jochester,2024-04-15,Regular
592,Nicholas,Murphy,lukelam@example.com,+1-402-850-7276x66699,Boyerstad,2025-08-01,Premium
593,David,Thomas,vwilliamson@example.org,9355790865,Williamstad,2024-04-30,Premium
594,Curtis,Clark,jamie45@example.org,334-876-1576,West Michael,2025-07-19,Regular
595,Christopher,Payne,juanmorris@example.com,449-444-0656x512,Erinview,2024-10-28,VIP
596,Monique,Henry,johnsondustin@example.org,979-372-3300x21635,New Kevin,2024-06-16,Regular
597,Paula,Benson,craigchase@example.net,274-292-3561,Whitestad,2024-07-26,VIP
598,Eric,Smith,timothynorris@example.org,737.673.4303x59901,Port Brianborough,2023-11-01,VIP
599,Steven,Miller,millermichael@example.org,507.722.3099x6380,Victoriafurt,2025-03-27,Premium
600,Patricia,Wiggins,james83@example.net,(352)456-8674,New Brittany,2025-03-03,Regular
601,Lorraine,Smith,ngarcia@example.org,816.394.2267,West Williamville,2025-02-09,VIP
602,Danielle,Turner,jeanneellis@example.net,+1-644-940-9511x87446,Port Monicaland,2025-09-18,Regular
603,Robert,Ward,jasonlee@example.com,+1-988-877-7385,West Courtney,2025-02-09,Premium
604,John,Rivers,tyler50@example.net,+1-904-981-5972x3591,Lake Katieland,2023-11-01,VIP
605,Kristen,Morris,debraschultz@example.org,264.591.3562,Jenkinsstad,2024-06-14,Premium
606,Brian,Smith,emily06@example.org,+1-792-236-1403,Port Walterchester,2025-05-13,Regular
607,Stephanie,Rowe,greencurtis@example.com,403-742-6608x236,East Mark,2025-08-25,Regular
608,Stephen,Perry,jamierivera@example.net,+1-368-348-3047,Royhaven,2024-01-23,VIP
609,Tracy,Tran,kevinzavala@example.org,619-318-8870x1707,West Rachelburgh,2025-02-12,Regular
610,Steve,Chavez,geraldwebb@example.org,5335685544,Port Douglas,2024-01-19,VIP
611,Haley,Lambert,ralvarez@example.com,+1-459-633-7882x3334,Jodytown,2024-11-05,VIP
612,Whitney,Johnston,mckenziedakota@example.net,624.594.7480,Kimberlychester,2024-09-28,Premium
613,Erin,Benitez,wescobar@example.org,764-926-5036x9964,Russellview,2025-07-02,VIP
614,Melissa,Cross,joshuadavis@example.net,256.791.5837x91350,Cookchester,2023-12-27,Regular
615,Elizabeth,Jacobson,jacquelinemiller@example.net,+1-773-589-9053x834,Antoniofurt,2024-09-23,Premium
616,Kathleen,Kelly,wthomas@example.com,+1-634-508-4144,Morganburgh,2025-03-27,VIP
617,Antonio,Ford,uhernandez@example.net,6762155110,Floresmouth,2024-08-10,VIP
618,Gerald,Watkins,stevendorsey@example.net,244.531.5344x52418,Coxchester,2023-12-21,Premium
619,Robert,Morris,bpatel@example.com,6012037809,South Chloestad,2023-11-02,Regular
620,Melissa,Patrick,martinezcassandra@example.net,(456)304-5632x79481,South Lesliefort,2024-03-14,VIP
621,Maria,Cortez,clee@example.com,699-349-2907x342,Lake Melissa,2025-08-07,VIP
622,Todd,Williams,torresgabrielle@example.org,(883)804-1013x78209,South Christopher,2024-12-04,Regular
623,Brandy,Morgan,lisapearson@example.com,677.384.2689,Staciebury,2024-05-20,Regular
624,Danielle,Cummings,lisa86@example.com,(470)429-0576,Christopherton,2025-02-10,Regular
625,Madeline,Moss,christopher98@example.com,001-853-880-5689x346,West Deanside,2025-08-27,VIP
626,Kelly,White,pbaird@example.net,+1-692-396-9359x240,Lake Michaelside,2024-01-24,VIP
627,Kimberly,Jones,harmonjames@example.com,600.330.3870x8989,Burkeshire,2025-03-08,VIP
628,Ashley,Shepard,michelle07@example.com,+1-810-976-6989x910,Kingside,2024-01-20,VIP
629,Caroline,Hogan,ayalacrystal@example.org,318.574.8576x61252,Angelaville,2025-06-04,Premium
630,Samuel,Roberts,melanie11@example.net,751.531.8080x1801,Floreshaven,2023-11-25,Regular
631,Nicholas,Robinson,vanessasanchez@example.org,(518)595-6392,Katherinehaven,2024-05-07,Premium
632,Dawn,Chavez,kaylablanchard@example.net,+1-962-410-0913x550,Markview,2024-11-20,VIP
633,Jesse,Wheeler,wernerpamela@example.org,(831)243-5839,South Chloe,2024-08-26,Premium
634,Ronald,Rojas,victoriashaffer@example.net,(997)285-3809,North James,2024-08-15,Premium
635,Manuel,Richardson,jonathanmays@example.org,001-444-643-1878x74425,Christinashire,2025-06-07,Regular
636,Stephanie,Chung,freemankimberly@example.com,869.843.4308x9077,North Anthonyville,2025-04-30,Premium
637,Tommy,Brown,daniel24@example.net,001-767-747-9338,Amandashire,2025-05-18,Premium
638,Tamara,Davis,vazquezsteven@example.com,953.936.8692x92170,Lake Jasmine,2025-09-05,Regular
639,Amy,Allen,tracy49@example.org,6806482092,Reynoldsmouth,2024-12-27,Regular
640,Gregory,Cooper,sara55@example.net,658.987.1365x139,Turnerland,2024-10-22,Regular
641,Steven,Crane,mercedeswatson@example.net,719-570-8140,Cunninghamville,2024-12-06,VIP
642,Christina,White,lucasgreen@example.net,3019073001,Toddland,2025-01-17,Regular
643,Jodi,Gallegos,jamie41@example.net,(883)844-3944x767,West Ashleyfort,2024-12-18,Premium
644,Megan,Olson,erin99@example.com,229.605.4551x1155,Lake Kathy,2024-10-02,VIP
645,Jeremy,Bennett,pdavis@example.com,(203)258-6657x4769,Jonesville,2024-08-23,Premium
646,Wendy,Lopez,scotthunter@example.com,001-867-802-3429x7035,Joneshaven,2024-07-28,Regular
647,Cesar,Torres,mckinneymichael@example.net,500.591.8925x26433,Jenniferchester,2024-11-21,Regular
648,Scott,Morgan,ryanday@example.net,+1-229-297-8055x7457,Lake Randyhaven,2025-02-02,VIP
649,Steven,Brown,hmcgee@example.net,+1-867-594-3002x419,Feliciabury,2025-02-18,VIP
650,Christopher,Warner,eugene77@example.com,522-867-1220x7658,Amandabury,2024-09-21,Regular
651,Brandy,Webb,reyestyler@example.org,493.363.7455,Adrienneport,2023-10-13,Premium
652,David,Johnson,jasonrice@example.org,748.232.7110x20578,North Sean,2024-08-11,Premium
653,Lisa,Cummings,qsolomon@example.net,679-332-1391,Brandyland,2024-05-05,Premium
654,Cody,Garcia,dramirez@example.org,(316)779-2592,Port Jasonfort,2024-07-06,Premium
655,Charles,Wallace,cameronrodriguez@example.org,+1-932-780-5791x119,Masonton,2025-05-26,VIP
656,Stephen,Thompson,fstokes@example.com,+1-755-460-5023x277,Smithport,2024-06-06,Premium
657,Donna,Thomas,bensonsteven@example.net,480-844-5687,Diazville,2025-09-19,VIP
658,Jessica,Gonzalez,hernandezroberta@example.com,(748)727-6177,Wrightfurt,2024-07-13,VIP
659,Scott,Love,pameladeleon@example.org,+1-293-621-4085x010,West Todd,2025-04-11,Regular
660,Patrick,Kim,evan47@example.com,001-730-444-7238,Jenniferhaven,2025-07-15,Regular
661,Tamara,Padilla,lbuchanan@example.com,602.810.5905,Deborahview,2024-10-11,VIP
662,Rodney,Ruiz,shelby15@example.com,+1-253-960-7499,Patrickborough,2023-09-27,Premium
663,Angela,Noble,natashahubbard@example.org,+1-416-866-4017x9022,Port Joanna,2025-05-04,Premium
664,Crystal,Webster,michaelrobles@example.com,+1-724-633-6543x1232,Lisafort,2024-03-06,VIP
665,Amber,Murphy,perezolivia@example.net,270.593.8475,Smithfort,2025-04-24,VIP
666,Aaron,Evans,llowery@example.org,+1-403-722-5421x0786,Jenniferland,2024-08-14,Regular
667,Kimberly,Cline,kinglaura@example.com,+1-377-229-4133,Robertfort,2024-11-24,Regular
668,Madeline,Werner,samantha01@example.net,(248)679-7572x308,Victoriastad,2025-07-01,Regular
669,Christopher,Moran,edwardcarpenter@example.com,672.566.1984,Christopherborough,2024-12-10,Regular
670,Amanda,Rios,jenniferramirez@example.org,8863682963,West Jamieville,2024-05-11,Regular
671,Michelle,Massey,katherinewang@example.net,(467)265-3215x32020,Lake Robertborough,2025-07-06,VIP
672,Matthew,Collins,nwhite@example.net,+1-794-610-2188x50206,Richardview,2025-01-04,Premium
673,Rachael,Webster,wesley90@example.com,+1-243-704-3441x254,Jasontown,2024-02-15,Regular
674,Brad,Burns,dillon38@example.org,(763)814-2959,Harrisonfurt,2024-12-07,Regular
675,Tiffany,Smith,michaelgutierrez@example.net,493-967-9549x224,Velazquezmouth,2024-02-25,Premium
676,Brandon,Rivers,brandyblack@example.net,001-320-648-8541x842,Port Charlesside,2024-07-12,VIP
677,Misty,Thompson,hendersonlori@example.net,836.365.1364x23770,North Scott,2024-05-06,VIP
678,Jason,Armstrong,hernandezmatthew@example.com,(626)211-7708x042,Port Ashleyland,2024-11-02,Premium
679,Cynthia,Jones,douglas39@example.com,+1-844-683-7652x173,Rebeccabury,2023-12-11,Regular
680,Julia,Hernandez,phoover@example.net,(971)593-2159,Rileyville,2024-07-14,Regular
681,Sarah,Estrada,bryanwang@example.com,001-754-760-8438x738,South Dustinbury,2024-03-30,Premium
682,Laura,Watson,evan07@example.net,294-936-7509,Angelatown,2025-03-28,Premium
683,Howard,Finley,staceybrown@example.org,+1-279-561-8860x171,Juliemouth,2025-04-13,Premium
684,Michael,Neal,paulestrada@example.com,252-356-4787x218,Jessicaborough,2025-06-05,VIP
685,Michele,Petersen,boydamy@example.net,5346540482,East Jose,2024-04-17,VIP
686,Anthony,Rowe,lisajones@example.com,+1-552-568-2632x321,Kellystad,2024-06-11,Premium
687,Robert,Miranda,brownbianca@example.org,+1-332-355-1476x08961,Williamtown,2024-06-23,Premium
688,Marilyn,Hernandez,kathryn83@example.org,001-334-431-2749,East Davidstad,2025-07-06,VIP
689,Rachel,Cabrera,michael55@example.com,901-486-6322x35711,Gibsonhaven,2024-01-10,Premium
690,Ashley,Johnson,heatherwhite@example.com,7262886490,East Meganmouth,2025-04-03,VIP
691,Brandon,Schultz,kimberly97@example.net,(412)915-6379x85187,Ramirezmouth,2023-11-28,Premium
692,Laura,Hopkins,morrisemily@example.net,521.550.2944x0308,Rodriguezside,2025-02-15,Regular
693,Scott,Jimenez,julia34@example.org,2229347235,Baileyborough,2025-01-30,VIP
694,Mary,Johnson,smithjoanna@example.org,321-701-5871x764,Isaiahfort,2025-04-14,Regular
695,Erin,Lewis,eortega@example.com,001-210-250-7823x0264,West Kevinchester,2024-11-26,Premium
696,Mathew,Greene,ihebert@example.com,3849085656,East Carl,2024-05-27,VIP
697,William,Rodriguez,jennifer93@example.com,714.929.3609,Port Tammybury,2024-08-30,Premium
698,Katherine,Meadows,ashley72@example.org,(644)548-9942x96970,Jennyport,2024-02-04,Regular
699,Tara,Hudson,tiffanyrollins@example.org,515-694-2585x77064,Port Amanda,2025-09-21,Premium
700,Cheyenne,Bryant,huntergray@example.net,349-830-4375,New Michele,2025-06-14,VIP
701,Elizabeth,Collier,flara@example.net,414.318.5283,Harrisonfurt,2023-11-30,Regular
702,Richard,Monroe,erictucker@example.org,(675)867-4425x223,Raymondland,2024-09-29,VIP
703,Jonathan,Moore,jason92@example.org,618.308.3561,Ashleyside,2025-05-10,Premium
704,Sarah,Collier,ejones@example.com,333-616-5929,Timothyport,2023-10-20,Regular
705,William,Archer,jodi37@example.com,001-320-682-0125x004,Port Julie,2025-08-21,Premium
706,Michelle,Bradshaw,wterry@example.net,319.978.4921,Mitchellburgh,2025-01-23,Regular
707,Mark,Alexander,brianna71@example.com,291.939.8230,Rubiochester,2024-06-07,VIP
708,Kelly,Anderson,jonathanjohnson@example.org,934-450-8521x45198,Jeffreyborough,2025-03-16,Premium
709,Jason,Moreno,popedestiny@example.net,(380)700-7104x417,Kyleton,2025-04-18,VIP
710,Tina,Munoz,rollinsgregory@example.org,001-728-977-7514,East Luis,2025-04-29,Premium
711,William,Thomas,gschwartz@example.net,+1-255-718-9942x18494,Woodsstad,2024-04-02,Premium
712,Nicole,Sherman,samuel19@example.com,(238)485-0823x70436,West Jamesport,2024-04-01,VIP
713,Donald,Lester,whitelori@example.net,+1-417-713-6321,East Lori,2024-05-19,Premium
714,Jason,Rogers,juanhamilton@example.com,(354)894-7091x1874,Sparksshire,2025-08-11,Premium
715,Peter,Cowan,campbelllisa@example.org,+1-466-520-9409,New Ericaport,2025-03-22,VIP
716,Jennifer,Simmons,nicolewiggins@example.org,954-447-2853x3844,Leeland,2024-08-15,Regular
717,Eric,Jones,owright@example.org,(821)411-2795x179,Ricemouth,2024-10-01,VIP
718,Jimmy,Garner,kellysmith@example.org,+1-540-395-9786x459,East Tyler,2025-04-04,VIP
719,James,Fernandez,laurie92@example.org,811-936-3756x51033,East Russellbury,2025-01-19,VIP
720,Nathaniel,Hanna,zdavis@example.com,+1-976-821-2885x11400,Lake Edwardhaven,2024-07-13,Premium
721,Alexandria,Henry,raymond51@example.org,461-548-8719,Hensonside,2023-12-06,VIP
722,Christopher,King,fostercody@example.org,265-959-1383x399,New Jeffreyburgh,2025-06-14,VIP
723,Sarah,Doyle,downsjames@example.net,628-404-4707x8475,South Crystal,2024-09-17,VIP
724,Amanda,Jacobson,merceramy@example.org,+1-382-805-5967x078,North Lori,2024-10-29,Premium
725,Malik,Hanna,nataliehuff@example.net,3276635394,Port Bradley,2024-03-13,Regular
726,Tyler,Johnson,holly05@example.org,255.728.8465x3444,Jamesmouth,2024-09-24,Regular
727,Kayla,Garcia,aaron52@example.net,(560)652-9932,West Keith,2024-01-20,Regular
728,Tony,Richards,smithpaul@example.com,814-494-1812,Joyland,2025-01-12,Regular
729,Lisa,Gomez,jamesmarquez@example.org,(763)327-1315x97194,Port Douglasburgh,2024-11-14,VIP
730,Margaret,Curtis,patrickgreen@example.org,001-768-615-8359x6495,Brucebury,2024-12-08,VIP
731,Rebecca,Brown,fisherthomas@example.net,+1-320-773-3076x86050,Chelseafurt,2024-04-18,Regular
732,Linda,Martin,erikhopkins@example.com,001-401-870-8574x937,Rushmouth,2025-07-25,Premium
733,Travis,Fritz,kimberlymiller@example.net,4242504857,Guerraland,2024-10-19,Regular
734,Jorge,Spears,garciarodney@example.org,539-982-1531,North Rogerfort,2023-11-13,Premium
735,Beth,Rivera,ashley57@example.net,(687)776-8832,Christopherberg,2024-03-25,Regular
736,Carol,Perry,ryan98@example.org,328-859-5968,North Leechester,2023-10-05,Regular
737,Joshua,Dunn,dhenderson@example.net,904.751.0598,Espinozaberg,2024-11-01,Regular
738,Jason,Garcia,wilsontyler@example.com,(554)555-5481x58334,New Janice,2025-07-26,Premium
739,Jessica,Peterson,whitekathleen@example.com,+1-383-897-2968,Hickmanview,2023-11-22,VIP
740,Tina,Scott,kevinmartinez@example.com,795-826-1790x869,East Amandaburgh,2024-11-18,VIP
741,Mark,Hunt,oalvarado@example.org,+1-428-227-9458x61530,Port Phillipland,2024-07-26,Premium
742,Shawn,Mcintosh,twilliams@example.net,001-489-638-3144x18872,Port Williamhaven,2024-10-20,Regular
743,Melissa,Smith,jscott@example.net,6983518029,Port Karen,2025-01-31,VIP
744,Cheryl,Moore,shawnwilliams@example.net,(315)680-4684x014,Davidhaven,2024-11-10,VIP
745,Cameron,Sanchez,james34@example.net,7688355215,West Johnnyville,2025-05-15,Regular
746,Mary,Jensen,aarondorsey@example.com,(864)242-6740x74970,Amyside,2025-05-13,VIP
747,Scott,Gill,jimenezmatthew@example.org,(860)656-4261x48223,New Lauren,2025-09-12,VIP
748,Joseph,Johnson,robert09@example.net,696-361-9067,Sanchezbury,2023-11-25,Regular
749,George,Benson,roachmatthew@example.net,+1-792-723-6329x7700,East Jenna,2025-01-12,Premium
750,Rodney,Garcia,robertsmith@example.org,+1-654-886-2374,Warrenhaven,2024-08-24,Premium
751,William,Jones,christianadam@example.net,5776731166,New Melissaview,2025-01-11,Regular
752,John,Alexander,brandydixon@example.com,+1-974-301-9850x6951,West Rebeccahaven,2024-06-03,Regular
753,Kelly,Sutton,lori40@example.org,(362)557-2012,Lake James,2025-03-28,VIP
754,Gabrielle,Spence,foxbrian@example.com,(311)291-1361x02733,New Georgeborough,2025-04-11,Premium
755,Melvin,Silva,john14@example.net,2162996596,Aprilborough,2024-02-16,Premium
756,Kathy,Juarez,qwhite@example.org,(769)464-7303x70335,East Jesus,2025-07-13,Premium
757,April,Martin,jonathan33@example.com,535.717.8096x29116,East Paul,2024-04-27,Premium
758,Brandon,Harris,christopher81@example.com,+1-867-425-1412x1960,Krausehaven,2024-05-30,Regular
759,Autumn,Barnes,paula85@example.com,661-724-2769x18547,Georgefurt,2025-02-09,Premium
760,Rachel,Moore,ubrown@example.com,(221)420-1788x5616,South Ian,2025-04-17,Premium
761,Sandra,Edwards,hawkinsalisha@example.com,612.503.5141,Chenport,2025-07-03,VIP
762,Rodney,Allen,kimberlyfischer@example.com,+1-948-772-8302x105,Greerchester,2024-05-10,VIP
763,Sherry,Allen,adrian48@example.net,843-492-3220x33532,Alexisville,2024-12-17,VIP
764,Karen,Taylor,brettlong@example.net,(869)985-6607,Leonmouth,2025-02-04,VIP
765,Roberta,Sullivan,woodsdesiree@example.net,(908)318-9746x53309,East Jared,2024-07-19,Regular
766,Natalie,Ferguson,mariawilson@example.org,+1-687-358-6548x18247,East George,2024-09-29,Regular
767,Joshua,Bean,swells@example.com,858.459.6679x35991,Lake Anthony,2024-02-10,VIP
768,Monica,Carter,ilewis@example.org,001-690-412-8296x321,Lake Vincentview,2024-05-13,VIP
769,Julie,Perez,connie60@example.com,001-997-545-2375x87148,Kaylafurt,2024-07-30,Regular
770,Michael,Castillo,sharpscott@example.net,001-489-211-1008,Barneshaven,2024-10-15,VIP
771,Beth,Hogan,moorediana@example.com,(407)366-5386,Huffmouth,2025-01-20,VIP
772,Kristine,Jenkins,wmiller@example.net,001-636-445-8006x13439,Heatherbury,2025-01-18,Regular
773,Joseph,Roberts,hfisher@example.com,608.823.3466x9458,Lopezland,2024-03-08,Premium
774,Leon,Contreras,mcmahonapril@example.org,001-356-556-2269,Lake Erica,2023-12-10,VIP
775,Tina,Anderson,lrobinson@example.com,2525128845,East Aliciaberg,2023-10-18,VIP
776,Michele,Fernandez,kevans@example.org,001-656-614-1981x9840,New Jillland,2025-03-11,VIP
777,Jessica,Parker,bochoa@example.org,+1-337-969-7182x1599,Lake Stephenbury,2024-07-11,VIP
778,Jennifer,Daniels,nelsonjulia@example.org,001-994-968-9900,Hughesland,2024-04-16,Premium
779,Diane,Lawrence,victoriafrancis@example.com,(711)457-7348,Port Ryan,2024-10-29,Premium
780,Joseph,Gordon,velezmary@example.net,(843)507-2335x33643,Patriciaside,2025-04-04,Regular
781,Alexis,Trujillo,vferguson@example.com,+1-827-851-2154x4159,Donaldville,2024-01-28,VIP
782,Heidi,Gray,veronica64@example.com,791-788-7922,Monicastad,2025-06-12,Regular
783,Stephanie,Sanford,josephethan@example.net,589.516.4277x25713,Randymouth,2024-10-07,VIP
784,Tiffany,Dominguez,dianajames@example.com,+1-555-666-0076x822,Charleston,2024-07-24,VIP
785,Heather,Delgado,martinezcourtney@example.org,(861)771-5013x73480,South Joshualand,2025-01-14,Premium
786,Samuel,Johnson,qbradley@example.net,(638)643-4501x477,South Bradley,2025-03-19,Regular
787,Diane,Tucker,wmartinez@example.com,(294)485-4250x9214,Alyssahaven,2023-12-07,Premium
788,Hannah,Bauer,mramirez@example.com,001-528-705-1812x667,Lake Richard,2024-04-07,VIP
789,Stephen,Wright,cooperdennis@example.net,770-808-0328x22601,Lake Jennymouth,2023-11-03,Regular
790,Kayla,Hill,woodsbreanna@example.net,780.645.9251x51678,North Amy,2024-03-27,VIP
791,Courtney,Scott,frichardson@example.net,761.820.3804x672,Aaronfurt,2025-07-13,Regular
792,Bridget,Farmer,antoniohowell@example.net,846.621.6254,Mullinstown,2024-10-30,VIP
793,Timothy,Irwin,juliemyers@example.net,239.533.5046x7029,Hunterstad,2024-01-31,Regular
794,Randy,White,conleyronald@example.net,579-995-0018,South Brandon,2025-02-28,VIP
795,Andrea,Taylor,thomasboyd@example.net,9235476674,North Jon,2025-08-23,Premium
796,Michael,Hall,ograves@example.com,226.790.2464x59424,North Deanna,2023-10-04,Regular
797,Julia,Nelson,jeremiahmartin@example.net,+1-560-458-0918x9879,Williamstown,2023-12-12,Premium
798,Mary,Chung,robinsonbrett@example.net,(550)520-2254x06270,North Traceyville,2024-03-27,Premium
799,Kristin,Berger,georgeemily@example.org,677.562.4663x1081,East Carol,2025-03-11,Regular
800,Billy,Bond,erik76@example.net,824-467-9427x81227,Cooleyview,2024-10-05,VIP
801,Jason,Harris,jonescraig@example.org,351-751-7380x978,Christopherbury,2024-02-14,Premium
802,Michael,Bowman,kelsey76@example.net,001-886-789-1198x7948,Aarontown,2025-09-20,VIP
803,Ashley,Warner,hesscaleb@example.com,+1-318-706-5148x9917,North Eugeneview,2024-10-18,VIP
804,Melissa,Fleming,richardsonmichael@example.com,6698735771,Benjaminland,2024-07-01,Regular
805,Lisa,Ware,gregorycrawford@example.net,706-200-6264x792,Sandrabury,2024-11-20,Regular
806,Linda,Moore,hannah94@example.com,+1-801-406-8043x115,South Robertview,2023-10-22,Premium
807,Brittany,Wright,morrisonedward@example.com,001-831-558-3065x8414,Brandonborough,2023-12-16,Premium
808,Kyle,Freeman,brandiruiz@example.net,3194817786,Blackside,2023-11-18,VIP
809,Kent,Watkins,yolanda21@example.com,408.497.6061,Stephanieside,2024-02-12,Premium
810,Stephanie,Hartman,alecwest@example.org,788-599-1641x187,South Courtneyfort,2025-07-02,VIP
811,James,Fitzpatrick,griffingregory@example.org,001-882-261-0189,Lake Jordan,2024-12-23,Regular
812,Keith,Vargas,cbuck@example.org,982.370.5224,Jessicaburgh,2024-08-25,Premium
813,David,Harper,qkidd@example.net,(246)693-0781,North Ericbury,2024-11-06,Regular
814,Karen,Mendez,brandi15@example.org,(896)573-6270,Christopherfurt,2024-05-04,VIP
815,Chad,Hoffman,connor04@example.com,(656)785-4539,Williamsville,2024-12-30,VIP
816,Olivia,Ramirez,penadaniel@example.com,685.278.5967x109,Davistown,2023-12-20,Regular
817,James,Lyons,zhangkarl@example.net,(801)631-3298,Andradehaven,2025-01-10,Regular
818,Charles,Carroll,michaelgregory@example.net,+1-263-982-5763x549,Ryanton,2024-08-09,Premium
819,Alyssa,Stewart,qvaughn@example.net,+1-680-994-8758x978,New Haleyshire,2025-03-03,Premium
820,James,Jackson,hallethan@example.net,001-688-241-5208,Jackstad,2025-03-19,Regular
821,Gregory,Hardy,seanmeyer@example.net,(332)283-9451,Kennethbury,2025-03-08,Regular
822,Christopher,Gray,asmith@example.net,435.748.6914x60561,East Caitlinshire,2024-05-17,Regular
823,Charles,Jarvis,youngjames@example.org,873-272-3253,Jasonshire,2025-07-27,Premium
824,Chase,Gates,robinsonwayne@example.org,001-389-604-3689x57481,Nicoleside,2024-04-20,Regular
825,Vickie,Rollins,michaeldavis@example.org,+1-996-581-4565x622,North Steve,2024-06-19,Regular
826,Chelsea,Combs,elijahsavage@example.com,408.477.9432x438,Smithtown,2025-05-16,VIP
827,Kevin,Gray,shannon61@example.com,001-413-720-0527x11140,New Randyhaven,2025-06-19,VIP
828,Lisa,Price,brownmichael@example.net,(686)286-0272,Chenburgh,2024-04-12,Premium
829,Daniel,Scott,khartman@example.net,(591)360-1985,New Amber,2025-04-29,Regular
830,Jerry,Pitts,jaredmoore@example.com,755.868.6447x64693,North Michaelshire,2025-07-20,VIP
831,Samantha,Scott,annebishop@example.org,001-895-618-6789x19766,Caldwellton,2024-01-25,Premium
832,Kelly,Scott,ycarpenter@example.org,262.668.4001x271,Bushhaven,2024-08-25,Premium
833,Rachael,Martin,fsnyder@example.com,001-925-453-0434,East Scott,2024-08-26,Premium
834,Jonathan,Reynolds,greenjudith@example.net,001-678-727-2938,Port Sharonmouth,2025-04-26,VIP
835,Brandy,Hill,joshuajones@example.com,001-479-986-9727,Sandraborough,2025-03-31,VIP
836,Jon,Rivas,edwardsvanessa@example.com,(888)984-2020x8277,Cynthiastad,2025-01-14,Premium
837,Johnny,Perry,rwilson@example.com,286.377.3203x684,Jillfort,2025-04-19,Regular
838,Thomas,Owens,vanessa79@example.com,+1-620-456-1914,Port Matthewside,2024-11-05,VIP
839,Terry,Lewis,bturner@example.com,(592)361-1287x78540,Wardville,2025-08-11,Regular
840,Steven,Evans,froman@example.com,780-236-4639,Port Kristinside,2023-11-13,Regular
841,Robert,Parks,xbartlett@example.net,694-931-9503x17476,Robinsonbury,2024-03-02,VIP
842,Nathan,Mcguire,brewermatthew@example.org,477.412.1184,Smithmouth,2023-12-25,Premium
843,Angela,Swanson,barrthomas@example.com,585-338-6717x347,Port Gregoryview,2023-09-27,Premium
844,Carlos,Horn,susan33@example.com,(969)683-5120,South Robertchester,2025-01-21,Premium
845,Janice,Ayala,cameroneric@example.org,+1-677-282-5334,Lake Elizabethland,2025-09-16,VIP
846,Rebecca,Phillips,pnelson@example.com,001-729-385-5730x63946,Lake Lawrence,2023-11-02,Premium
847,Amanda,Moreno,julierobinson@example.org,+1-239-585-9652,Gainesberg,2024-11-13,Premium
848,Paul,Shelton,rubenmckee@example.org,(477)204-7837x679,Autumnport,2025-01-30,VIP
849,Sarah,Boyd,sharonwarren@example.com,(805)338-7422x08273,East Jasonview,2024-09-02,Regular
850,David,Brown,dscott@example.org,+1-320-596-5092,West Christineview,2025-05-21,VIP
851,Michelle,Galvan,kathleen04@example.org,6656568001,New Lorettamouth,2025-02-23,Regular
852,Kristen,Jones,steven08@example.com,551.485.8690,Lake Megan,2025-04-11,Premium
853,Tony,Ellis,sandovaldanielle@example.org,(471)404-5803x150,Ayalaburgh,2025-02-03,Regular
854,Ronald,Walker,michael58@example.net,465.918.9278x4285,East Kristinton,2024-02-11,Regular
855,Richard,Hernandez,hollyjohnson@example.org,560.330.4303x39429,West Ricky,2023-12-28,VIP
856,Craig,Castillo,aguirreapril@example.net,759-813-9441x04793,East Cynthiaville,2023-11-16,VIP
857,Sean,Rogers,davidmooney@example.net,001-512-370-4967,South Dawnton,2023-10-26,VIP
858,Sarah,Morgan,emiller@example.net,969.306.0957,Taylorport,2023-12-05,VIP
859,Derrick,Mills,ericawilliams@example.net,001-558-761-8690x57756,North Brandon,2024-08-04,Regular
860,Gerald,Brooks,rogergomez@example.net,(671)609-1890x26602,Ruizview,2025-08-09,Premium
861,Aimee,Smith,leedennis@example.net,(402)963-7307x1808,Lake Kyleland,2024-02-09,VIP
862,Amber,Mercado,mreynolds@example.org,001-222-483-7964x755,New Kathy,2025-02-03,VIP
863,David,Crawford,margaretharris@example.net,357-412-3341x6763,South Jonathanshire,2024-05-14,Premium
864,Nancy,Hernandez,waterstristan@example.com,001-385-268-7848x61015,Williamsburgh,2024-09-13,Regular
865,Ariel,Bowen,david30@example.com,892-835-9336x81764,Mcneilmouth,2024-11-24,VIP
866,Kirsten,Bush,colin12@example.net,001-633-581-8171x8864,New Jose,2024-02-11,Regular
867,Kathleen,Grimes,owensjulie@example.org,431-753-4468,Burnettchester,2025-01-20,Premium
868,Renee,Bell,vnguyen@example.com,+1-339-955-7656x05401,South Ericview,2025-07-23,VIP
869,Monica,Stewart,betty64@example.com,(927)660-7520,Shahchester,2024-09-13,Regular
870,Hunter,Ramos,kerrilin@example.org,+1-511-422-6841x54066,East Emily,2024-11-22,Premium
871,Kenneth,Wilson,kelseypierce@example.com,001-832-292-6034x622,New Caitlin,2025-02-05,VIP
872,Sara,Ward,michellelawrence@example.net,295-398-1558,Acostaside,2025-01-03,VIP
873,James,Gonzalez,grahamsteven@example.org,(281)308-3061,Frederickburgh,2024-01-19,Regular
874,Jonathan,Fitzpatrick,bpowell@example.net,6238763081,Lake Brittany,2025-03-31,Premium
875,David,Hicks,icruz@example.org,441-773-0677,Patrickland,2025-06-06,Regular
876,Trevor,Hood,awashington@example.org,2735962599,Robertberg,2025-03-15,Regular
877,Krista,Stephens,garretthall@example.org,(759)612-0953x70545,South Justinfort,2025-07-02,VIP
878,Peter,Scott,hardinamy@example.com,001-718-822-8209x3117,Lake Steven,2025-06-13,Regular
879,Mary,Turner,amanda52@example.com,2328065943,North Ryanmouth,2025-08-01,Regular
880,Jesse,Duke,charlessnyder@example.net,(930)382-1028,Lake Debrafurt,2025-07-30,VIP
881,Evan,Howell,dmeyers@example.com,(957)437-3336,West Kimberly,2025-07-04,VIP
882,Tracy,Rivera,dlong@example.org,(954)392-7305x7868,West Hector,2024-08-24,Premium
883,Wayne,Beck,davidsonbryan@example.org,+1-789-898-0815x0943,Lake Shellyville,2025-03-22,Premium
884,Patrick,Norton,qallen@example.net,833.809.4524x1576,Hallborough,2025-04-20,VIP
885,Evan,Robinson,gmorales@example.org,(804)429-3705x481,Smithview,2024-09-16,VIP
886,Jennifer,White,jennifermiller@example.org,5375879297,East Anitaport,2025-02-21,Regular
887,Darren,Ayala,alexander50@example.net,891.226.0925x73327,East Codychester,2024-03-28,VIP
888,Jamie,Moore,ywade@example.com,(902)282-3092,New Robertberg,2024-11-18,VIP
889,Alison,Bowen,andersonchristy@example.net,+1-368-623-3730x87589,Anntown,2024-06-16,Premium
890,Zachary,Ortega,emilypark@example.com,608-864-9457,East Robert,2024-05-22,VIP
891,Rachel,Munoz,garciajessica@example.org,680-984-4947x495,New Nicholasburgh,2024-09-04,VIP
892,Connie,Powell,edward63@example.net,001-780-895-2185x118,Ruizville,2024-07-26,Premium
893,Sydney,Jones,chase90@example.org,(697)755-5394x635,North Vanessa,2025-04-24,Premium
894,Cindy,Henderson,larsonjose@example.com,356.225.3847x859,West Jacob,2025-08-03,VIP
895,Sandra,Cunningham,duaneobrien@example.com,424-848-9889,Sarahmouth,2023-11-20,Premium
896,Cynthia,Martin,tuckerderek@example.com,+1-668-377-5546x254,Melissaborough,2023-12-22,Regular
897,Joseph,Rollins,tannerfranklin@example.org,+1-990-586-2023x762,Williamsside,2025-08-07,Regular
898,Omar,Thompson,mchristian@example.net,560-829-2877x0728,South Jeffrey,2024-05-10,Premium
899,Scott,Burns,brookestewart@example.net,246-953-5302x032,Port Robert,2024-01-08,Regular
900,Cynthia,Thornton,mckenziekevin@example.org,001-441-290-2112,Millertown,2024-12-08,VIP
901,Samantha,Graves,ellisjamie@example.net,+1-429-689-6791x69735,New Lisaborough,2025-05-16,Premium
902,Marie,Leonard,shawmichael@example.com,(833)566-2821x358,New George,2023-10-08,Premium
903,Mark,Brown,latasha76@example.com,001-751-876-2111x0918,Lake Anna,2024-05-15,Regular
904,Shawn,Smith,michaelduncan@example.net,347-274-8822x612,West Ryanport,2023-12-22,Regular
905,Felicia,Ramirez,david13@example.net,001-749-396-9282x709,Port Stevenfurt,2025-05-11,Regular
906,Nathan,Rivera,gwilson@example.com,982.325.6394x795,Lake Jacob,2024-03-21,Premium
907,Joseph,Singleton,stephensmarcus@example.net,798.213.6238,North John,2023-12-29,VIP
908,Tanya,Rojas,dwilliamson@example.net,325-240-8801x92786,Barneshaven,2024-09-10,VIP
909,Aaron,Davis,pashley@example.com,735-847-7479x89824,Valeriestad,2025-02-13,Regular
910,Kristin,Mcclure,jeffreyjohnson@example.com,001-716-605-9077x7483,North Jeremy,2024-12-02,Regular
911,Andrea,Frederick,rachel72@example.com,391.485.1263,New Brianmouth,2025-05-28,VIP
912,Anthony,Davis,gjackson@example.com,291-728-0956x43786,South Robertburgh,2024-07-31,Regular
913,Ronnie,Henry,robertscatherine@example.com,(985)631-3359x8813,Davisville,2024-08-21,Regular
914,Charles,May,pmurphy@example.net,7557952799,Walterschester,2024-07-06,Regular
915,Sarah,Lang,malonekevin@example.com,(583)394-1988x501,Jessicafurt,2024-11-23,Premium
916,Bernard,Wright,jessicajordan@example.org,(743)245-9144,Michaelchester,2024-05-31,VIP
917,Brett,Vaughn,zimmermankaren@example.net,+1-578-653-6693x96631,South Jerry,2025-01-20,Premium
918,John,Watson,washingtondaryl@example.org,001-793-547-2360x881,Lake Frankland,2024-09-11,Regular
919,Megan,Taylor,zachary43@example.net,+1-362-270-2655,Leahland,2023-10-31,VIP
920,Alexander,Campbell,hjohnson@example.org,980-739-6247,Lake Sarah,2024-10-26,VIP
921,Shawn,Wheeler,cooperbrett@example.com,462-964-2323,Adrianmouth,2025-08-12,Premium
922,Brandon,Welch,kristavelasquez@example.net,9859609371,West Virginiahaven,2024-10-05,Regular
923,Shannon,Porter,mccormickpamela@example.org,+1-537-438-2706x173,North Debra,2024-10-20,Premium
924,Kevin,Montgomery,daisy95@example.com,(447)902-2189x979,East Michaelborough,2023-11-25,VIP
925,Luis,Holmes,lallen@example.org,(341)901-2106x840,Reyesfort,2025-02-16,VIP
926,Shelby,Brown,amedina@example.com,923-981-3292,Davidland,2025-04-26,Premium
927,James,Williams,coxbryan@example.com,897.556.7049x6982,Ginaborough,2024-01-05,Regular
928,Amy,Richmond,suttonelizabeth@example.net,648-901-8914x30523,East Katherine,2024-08-16,VIP
929,Jennifer,Carpenter,charles98@example.net,(883)221-7814x6543,Drakeview,2024-03-02,Regular
930,Donald,Williams,erichudson@example.org,6252320081,New Sandra,2023-10-30,Regular
931,Levi,Lewis,monica35@example.net,847-743-5448x11364,Ronaldmouth,2025-07-14,Premium
932,Sandra,Walker,amysmith@example.com,+1-736-900-2639,Randyborough,2023-10-11,VIP
933,Susan,Gordon,hcasey@example.org,001-605-617-0387,Monicamouth,2024-06-05,VIP
934,Ricardo,Mckinney,patricia36@example.org,+1-699-697-7498,Port Lisa,2024-02-19,Premium
935,Taylor,Burnett,alexander97@example.org,281.569.7247x50110,South Daniel,2025-06-15,Premium
936,Richard,Nichols,nicole65@example.org,5855937773,Port Brianberg,2025-08-20,Regular
937,Nicholas,Johnson,timothy39@example.org,245.930.4621,North Catherinefort,2024-10-02,Premium
938,Mark,Cruz,nroberts@example.net,691-286-0954x919,Port Anthonyland,2025-08-22,Regular
939,Tina,Murphy,hammondzachary@example.org,2897822696,New Jonathanview,2025-03-25,Premium
940,Julia,Horton,joy86@example.org,373-486-2269x83807,Pattonfurt,2025-05-13,Premium
941,Alan,Martinez,lowetonya@example.net,805-951-8328x319,Hesterland,2024-07-05,VIP
942,Dennis,Potter,gcalderon@example.net,334.410.7792x555,New Kelly,2025-06-08,Regular
943,James,Thomas,walkerrobert@example.net,(650)974-8040,South Rhondashire,2025-04-18,Regular
944,Joseph,Ramirez,fanderson@example.com,(757)702-0736x261,New David,2025-05-21,Premium
945,Alexander,Bush,dhudson@example.com,001-240-448-1821x23790,Wagnershire,2025-08-19,Regular
946,Gina,Moore,laura29@example.org,559.447.3218x283,West Brendamouth,2024-07-12,Regular
947,Rachael,Reyes,christina02@example.org,001-378-620-8201x4526,Ericfurt,2025-02-13,VIP
948,Zachary,Robinson,hannahcurtis@example.net,301.841.4489,Port Jesse,2024-08-08,Regular
949,Haley,Rivas,isaac86@example.com,319.874.7728x38363,Beverlyport,2024-04-02,Regular
950,Daniel,Lewis,michael96@example.com,(853)432-6597x17727,Myersberg,2025-08-29,VIP
951,Brandon,Medina,qgallagher@example.org,2064516923,Lake Dwayne,2025-01-06,VIP
952,James,Payne,hayala@example.org,240-939-8400,South Kelseyhaven,2025-02-12,Regular
953,Carrie,Leon,dwaynemccoy@example.org,316-420-9998x72093,Coxview,2025-01-29,VIP
954,Jennifer,Henderson,briancox@example.org,(664)625-1802,North Danielfort,2024-07-23,VIP
955,Patrick,Mcpherson,ibrown@example.org,(335)415-7494,Christinaberg,2025-06-21,Regular
956,Holly,Donovan,johnsbianca@example.net,(958)557-4409x399,Collinsfurt,2024-06-08,Premium
957,Nicolas,Owens,vbrown@example.org,226-667-9294,North Markstad,2024-12-28,Premium
958,Shannon,Gordon,amartin@example.org,(668)963-4938,Andreaberg,2025-03-14,Regular
959,Joyce,Peterson,fgonzales@example.com,4927697749,Laurafurt,2025-08-30,Premium
960,Kara,Sosa,timothy43@example.net,+1-864-700-1992x426,West Samuelchester,2024-07-10,Regular
961,Peggy,Petersen,bradleycole@example.org,894-583-9864,West Olivia,2025-02-18,VIP
962,Shannon,Williams,garcher@example.org,620.925.7090x002,West Gregory,2025-01-23,Premium
963,Jonathan,Ortiz,wbecker@example.org,548-574-6057,Davidberg,2024-05-23,Premium
964,Andrea,Jimenez,michellemccormick@example.net,909-662-4474,Debraborough,2023-12-10,Regular
965,Teresa,Rodriguez,graysabrina@example.org,(577)507-4370,Carrilloside,2024-11-25,VIP
966,Jennifer,West,nathanwalker@example.com,712.886.7597,North Christopher,2025-05-01,Premium
967,Amber,Ross,lindakey@example.org,874.514.7833x03114,New James,2023-11-11,Premium
968,Natalie,Morales,thomastiffany@example.com,001-939-534-3929x42816,Shannonville,2024-12-30,Regular
969,Sarah,Levy,jennifer11@example.org,8753529471,Margaretbury,2024-07-15,Premium
970,Richard,White,colleen27@example.org,988-981-5398,Limouth,2024-01-26,VIP
971,Shelly,Romero,emay@example.net,(210)739-5169x1537,Lake Jeffreystad,2025-03-18,Premium
972,Amanda,Gutierrez,kball@example.com,442-326-0593x806,Christopherborough,2025-09-12,Premium
973,Amber,Mills,jenna58@example.com,282-889-2754x92868,West Ian,2024-10-24,Regular
974,Edwin,Heath,roberthall@example.org,(293)284-6763,Kevinberg,2024-10-30,VIP
975,Caleb,Herrera,gloverlisa@example.net,001-461-258-5489x606,Garrettborough,2025-09-04,Regular
976,Ashley,Walker,kevinwalters@example.org,+1-491-864-2436x69758,Christianborough,2025-05-25,Regular
977,James,Merritt,vanessaking@example.org,+1-646-244-0841x7772,Torrestown,2025-06-20,Regular
978,Jeremy,Oliver,marknguyen@example.net,965-272-3031,South Danielle,2025-03-23,Premium
979,Joshua,Rose,colliermichael@example.com,6474111909,Erinhaven,2025-08-10,VIP
980,Anthony,Baker,fmichael@example.org,313-466-5899x2403,Hannahtown,2025-05-03,VIP
981,Victor,Ellis,pnguyen@example.org,(413)805-1580,Russellbury,2024-07-30,VIP
982,Kevin,Smith,leonardterrance@example.net,558-528-9114x13344,Colebury,2024-07-10,Premium
983,Robert,Reyes,irussell@example.org,532.486.2746x75547,Lake Todd,2023-11-04,Regular
984,Kevin,Watts,gonzalesshannon@example.com,+1-783-469-2350x04557,New Ryanmouth,2024-01-23,VIP
985,Troy,Cox,mark83@example.com,+1-989-509-1884,Stephenmouth,2024-10-21,Premium
986,Julie,Holmes,tara93@example.net,850-411-1338,Fordport,2024-10-27,Regular
987,Katie,Campos,silvacarolyn@example.net,705.420.0862,Bergshire,2025-03-13,Premium
988,Kevin,Merritt,zachary35@example.com,571-263-4220x498,Lake Valerie,2024-02-14,VIP
989,Terry,Pena,alexanderantonio@example.com,+1-966-649-6447x751,New Lisaberg,2025-06-21,VIP
990,Nancy,Barton,john07@example.org,551.766.1017,Lake Courtney,2025-07-16,VIP
991,Brandi,Ferguson,martinezrichard@example.com,969-595-5235,Jaimeville,2024-10-13,Regular
992,Cynthia,Huffman,clarkmargaret@example.com,+1-919-809-6096x3401,Blairton,2025-09-19,Premium
993,Jason,Webster,lkeith@example.org,+1-203-704-4753x24886,Gilesbury,2025-06-29,Regular
994,Billy,Hopkins,leslie08@example.com,572.558.4047x810,East Sandraville,2025-01-22,Premium
995,James,Nunez,ngreene@example.org,001-442-531-5557x38155,West Sheila,2024-11-22,VIP
996,Phyllis,Avila,hodgemadeline@example.org,001-235-546-5329,North Deborahmouth,2024-12-24,Premium
997,Willie,Marsh,carl78@example.org,4503727332,Hannaview,2024-08-09,Premium
998,Sharon,Rubio,jenniferanderson@example.org,880.902.3082x87013,East Chloe,2024-09-19,Regular
999,Bonnie,Scott,melissa07@example.org,350.471.8992x9571,Michaelshire,2025-04-24,Regular
1000,Alan,Wolfe,lamtina@example.net,587.696.3764x1326,Port Jose,2024-02-02,Premium
